연도,시도,구군,주소,지수
2003,강원(남),강릉시,강원 강릉시,148.3
2004,강원(남),강릉시,강원 강릉시,902.5
2005,강원(남),강릉시,강원 강릉시,927.3
2006,강원(남),강릉시,강원 강릉시,937.1
2007,강원(남),강릉시,강원 강릉시,925.1
2008,강원(남),강릉시,강원 강릉시,888.1
2009,강원(남),강릉시,강원 강릉시,877.5
2010,강원(남),강릉시,강원 강릉시,876.4
2011,강원(남),강릉시,강원 강릉시,948.4
2012,강원(남),강릉시,강원 강릉시,1061.7
2013,강원(남),강릉시,강원 강릉시,1077
2014,강원(남),강릉시,강원 강릉시,1088.9
2015,강원(남),강릉시,강원 강릉시,1128.3
2016,강원(남),강릉시,강원 강릉시,1162
2017,강원(남),강릉시,강원 강릉시,1182.9
2018,강원(남),강릉시,강원 강릉시,402.7
2003,강원(남),원주시,강원 원주시,147.4
2004,강원(남),원주시,강원 원주시,912.1
2005,강원(남),원주시,강원 원주시,939.9
2006,강원(남),원주시,강원 원주시,997.1
2007,강원(남),원주시,강원 원주시,998.4
2008,강원(남),원주시,강원 원주시,986
2009,강원(남),원주시,강원 원주시,978.5
2010,강원(남),원주시,강원 원주시,974.5
2011,강원(남),원주시,강원 원주시,1013
2012,강원(남),원주시,강원 원주시,1120.8
2013,강원(남),원주시,강원 원주시,1133.7
2014,강원(남),원주시,강원 원주시,1142.4
2015,강원(남),원주시,강원 원주시,1149.3
2016,강원(남),원주시,강원 원주시,1165.8
2017,강원(남),원주시,강원 원주시,1186.3
2018,강원(남),원주시,강원 원주시,399.3
2003,강원(남),춘천시,강원 춘천시,145
2004,강원(남),춘천시,강원 춘천시,875.1
2005,강원(남),춘천시,강원 춘천시,904.7
2006,강원(남),춘천시,강원 춘천시,900.2
2007,강원(남),춘천시,강원 춘천시,878.7
2008,강원(남),춘천시,강원 춘천시,892.3
2009,강원(남),춘천시,강원 춘천시,929
2010,강원(남),춘천시,강원 춘천시,981.7
2011,강원(남),춘천시,강원 춘천시,1075.5
2012,강원(남),춘천시,강원 춘천시,1149
2013,강원(남),춘천시,강원 춘천시,1136
2014,강원(남),춘천시,강원 춘천시,1141.8
2015,강원(남),춘천시,강원 춘천시,1143.9
2016,강원(남),춘천시,강원 춘천시,1161.8
2017,강원(남),춘천시,강원 춘천시,1188.6
2018,강원(남),춘천시,강원 춘천시,398.7
2003,경기,고양시,경기 고양시,134.6
2004,경기,고양시,경기 고양시,797.2
2005,경기,고양시,경기 고양시,799.7
2006,경기,고양시,경기 고양시,929.7
2007,경기,고양시,경기 고양시,1150.9
2008,경기,고양시,경기 고양시,1204.6
2009,경기,고양시,경기 고양시,1192.4
2010,경기,고양시,경기 고양시,1169.7
2011,경기,고양시,경기 고양시,1142.4
2012,경기,고양시,경기 고양시,1109.9
2013,경기,고양시,경기 고양시,1052.5
2014,경기,고양시,경기 고양시,1070.8
2015,경기,고양시,경기 고양시,1122.9
2016,경기,고양시,경기 고양시,1160.7
2017,경기,고양시,경기 고양시,1186.5
2018,경기,고양시,경기 고양시,398.7
2003,경기,과천시,경기 과천시,130
2004,경기,과천시,경기 과천시,757.8
2005,경기,과천시,경기 과천시,834.5
2006,경기,과천시,경기 과천시,1051.8
2007,경기,과천시,경기 과천시,1310.1
2008,경기,과천시,경기 과천시,1226.1
2009,경기,과천시,경기 과천시,1214.1
2010,경기,과천시,경기 과천시,1245.7
2011,경기,과천시,경기 과천시,1205.6
2012,경기,과천시,경기 과천시,1115.1
2013,경기,과천시,경기 과천시,1064.2
2014,경기,과천시,경기 과천시,1101.2
2015,경기,과천시,경기 과천시,1134
2016,경기,과천시,경기 과천시,1172
2017,경기,과천시,경기 과천시,1193.1
2018,경기,과천시,경기 과천시,416.9
2003,경기,광명시,경기 광명시,123.6
2004,경기,광명시,경기 광명시,701.6
2005,경기,광명시,경기 광명시,694.3
2006,경기,광명시,경기 광명시,750.9
2007,경기,광명시,경기 광명시,871.9
2008,경기,광명시,경기 광명시,1016.4
2009,경기,광명시,경기 광명시,1041.3
2010,경기,광명시,경기 광명시,1029.7
2011,경기,광명시,경기 광명시,1022.6
2012,경기,광명시,경기 광명시,1009.2
2013,경기,광명시,경기 광명시,984.9
2014,경기,광명시,경기 광명시,1020.7
2015,경기,광명시,경기 광명시,1096
2016,경기,광명시,경기 광명시,1146.1
2017,경기,광명시,경기 광명시,1181.4
2018,경기,광명시,경기 광명시,402.3
2003,경기,광주시,경기 광주시,138.3
2004,경기,광주시,경기 광주시,830.6
2005,경기,광주시,경기 광주시,850.7
2006,경기,광주시,경기 광주시,1006.8
2007,경기,광주시,경기 광주시,1346.7
2008,경기,광주시,경기 광주시,1351.2
2009,경기,광주시,경기 광주시,1276.1
2010,경기,광주시,경기 광주시,1227.4
2011,경기,광주시,경기 광주시,1184.1
2012,경기,광주시,경기 광주시,1175.4
2013,경기,광주시,경기 광주시,1157.4
2014,경기,광주시,경기 광주시,1146.9
2015,경기,광주시,경기 광주시,1163.3
2016,경기,광주시,경기 광주시,1184.8
2017,경기,광주시,경기 광주시,1195.9
2018,경기,광주시,경기 광주시,399.5
2003,경기,구리시,경기 구리시,136.9
2004,경기,구리시,경기 구리시,817.7
2005,경기,구리시,경기 구리시,794.6
2006,경기,구리시,경기 구리시,850
2007,경기,구리시,경기 구리시,1087.1
2008,경기,구리시,경기 구리시,1152.1
2009,경기,구리시,경기 구리시,1148
2010,경기,구리시,경기 구리시,1153.1
2011,경기,구리시,경기 구리시,1155.5
2012,경기,구리시,경기 구리시,1146.4
2013,경기,구리시,경기 구리시,1085.4
2014,경기,구리시,경기 구리시,1100.8
2015,경기,구리시,경기 구리시,1135.9
2016,경기,구리시,경기 구리시,1173
2017,경기,구리시,경기 구리시,1189.5
2018,경기,구리시,경기 구리시,402.8
2003,경기,군포시,경기 군포시,122.8
2004,경기,군포시,경기 군포시,722
2005,경기,군포시,경기 군포시,746.9
2006,경기,군포시,경기 군포시,897.7
2007,경기,군포시,경기 군포시,1096.6
2008,경기,군포시,경기 군포시,1142.3
2009,경기,군포시,경기 군포시,1139.3
2010,경기,군포시,경기 군포시,1129
2011,경기,군포시,경기 군포시,1133.1
2012,경기,군포시,경기 군포시,1120.8
2013,경기,군포시,경기 군포시,1072.8
2014,경기,군포시,경기 군포시,1082.6
2015,경기,군포시,경기 군포시,1137.4
2016,경기,군포시,경기 군포시,1178.9
2017,경기,군포시,경기 군포시,1191.3
2018,경기,군포시,경기 군포시,399.9
2003,경기,권선구,경기 권선구,141.6
2004,경기,권선구,경기 권선구,836.9
2005,경기,권선구,경기 권선구,848.3
2006,경기,권선구,경기 권선구,907.2
2007,경기,권선구,경기 권선구,1089.6
2008,경기,권선구,경기 권선구,1116.6
2009,경기,권선구,경기 권선구,1102.8
2010,경기,권선구,경기 권선구,1123.5
2011,경기,권선구,경기 권선구,1148.4
2012,경기,권선구,경기 권선구,1120.1
2013,경기,권선구,경기 권선구,1071.4
2014,경기,권선구,경기 권선구,1095.6
2015,경기,권선구,경기 권선구,1149.4
2016,경기,권선구,경기 권선구,1175.7
2017,경기,권선구,경기 권선구,1192.5
2018,경기,권선구,경기 권선구,399.9
2003,경기,기흥구,경기 기흥구,152.2
2004,경기,기흥구,경기 기흥구,889.4
2005,경기,기흥구,경기 기흥구,961.7
2006,경기,기흥구,경기 기흥구,1156.5
2007,경기,기흥구,경기 기흥구,1382
2008,경기,기흥구,경기 기흥구,1356.9
2009,경기,기흥구,경기 기흥구,1279.8
2010,경기,기흥구,경기 기흥구,1252.4
2011,경기,기흥구,경기 기흥구,1227.5
2012,경기,기흥구,경기 기흥구,1204.4
2013,경기,기흥구,경기 기흥구,1167.5
2014,경기,기흥구,경기 기흥구,1156.6
2015,경기,기흥구,경기 기흥구,1176.9
2016,경기,기흥구,경기 기흥구,1195.2
2017,경기,기흥구,경기 기흥구,1198
2018,경기,기흥구,경기 기흥구,400.3
2003,경기,김포시,경기 김포시,154.6
2004,경기,김포시,경기 김포시,875.4
2005,경기,김포시,경기 김포시,820.4
2006,경기,김포시,경기 김포시,930.7
2007,경기,김포시,경기 김포시,1103.3
2008,경기,김포시,경기 김포시,1193.8
2009,경기,김포시,경기 김포시,1196
2010,경기,김포시,경기 김포시,1194.4
2011,경기,김포시,경기 김포시,1149.9
2012,경기,김포시,경기 김포시,1094.8
2013,경기,김포시,경기 김포시,1040
2014,경기,김포시,경기 김포시,1066.5
2015,경기,김포시,경기 김포시,1125.7
2016,경기,김포시,경기 김포시,1163.7
2017,경기,김포시,경기 김포시,1180.8
2018,경기,김포시,경기 김포시,402.6
2003,경기,남양주시,경기 남양주시,132.3
2004,경기,남양주시,경기 남양주시,781.1
2005,경기,남양주시,경기 남양주시,764.9
2006,경기,남양주시,경기 남양주시,810.1
2007,경기,남양주시,경기 남양주시,1007.9
2008,경기,남양주시,경기 남양주시,1196.6
2009,경기,남양주시,경기 남양주시,1224.9
2010,경기,남양주시,경기 남양주시,1213.5
2011,경기,남양주시,경기 남양주시,1210.5
2012,경기,남양주시,경기 남양주시,1175.7
2013,경기,남양주시,경기 남양주시,1127.5
2014,경기,남양주시,경기 남양주시,1128.4
2015,경기,남양주시,경기 남양주시,1148.2
2016,경기,남양주시,경기 남양주시,1177.7
2017,경기,남양주시,경기 남양주시,1192.3
2018,경기,남양주시,경기 남양주시,399.7
2003,경기,단원구,경기 단원구,113.1
2004,경기,단원구,경기 단원구,668.7
2005,경기,단원구,경기 단원구,667.8
2006,경기,단원구,경기 단원구,693.8
2007,경기,단원구,경기 단원구,939.3
2008,경기,단원구,경기 단원구,1118.2
2009,경기,단원구,경기 단원구,1107.2
2010,경기,단원구,경기 단원구,1100.2
2011,경기,단원구,경기 단원구,1103.7
2012,경기,단원구,경기 단원구,1107.3
2013,경기,단원구,경기 단원구,1090.9
2014,경기,단원구,경기 단원구,1107.3
2015,경기,단원구,경기 단원구,1157
2016,경기,단원구,경기 단원구,1187.5
2017,경기,단원구,경기 단원구,1194.6
2018,경기,단원구,경기 단원구,399.1
2003,경기,덕양구,경기 덕양구,134.2
2004,경기,덕양구,경기 덕양구,783.6
2005,경기,덕양구,경기 덕양구,757.4
2006,경기,덕양구,경기 덕양구,839.8
2007,경기,덕양구,경기 덕양구,1047
2008,경기,덕양구,경기 덕양구,1153.5
2009,경기,덕양구,경기 덕양구,1160.3
2010,경기,덕양구,경기 덕양구,1152.3
2011,경기,덕양구,경기 덕양구,1141
2012,경기,덕양구,경기 덕양구,1121.2
2013,경기,덕양구,경기 덕양구,1074.4
2014,경기,덕양구,경기 덕양구,1081.8
2015,경기,덕양구,경기 덕양구,1128.2
2016,경기,덕양구,경기 덕양구,1164.3
2017,경기,덕양구,경기 덕양구,1187.6
2018,경기,덕양구,경기 덕양구,399.5
2003,경기,동두천시,경기 동두천시,126.2
2004,경기,동두천시,경기 동두천시,730
2005,경기,동두천시,경기 동두천시,677.5
2006,경기,동두천시,경기 동두천시,700.6
2007,경기,동두천시,경기 동두천시,826.5
2008,경기,동두천시,경기 동두천시,1293.6
2009,경기,동두천시,경기 동두천시,1412.6
2010,경기,동두천시,경기 동두천시,1347.5
2011,경기,동두천시,경기 동두천시,1317.9
2012,경기,동두천시,경기 동두천시,1282
2013,경기,동두천시,경기 동두천시,1185.7
2014,경기,동두천시,경기 동두천시,1169.3
2015,경기,동두천시,경기 동두천시,1173.9
2016,경기,동두천시,경기 동두천시,1176.4
2017,경기,동두천시,경기 동두천시,1191.3
2018,경기,동두천시,경기 동두천시,400.4
2003,경기,동안구,경기 동안구,119.8
2004,경기,동안구,경기 동안구,707.9
2005,경기,동안구,경기 동안구,766.1
2006,경기,동안구,경기 동안구,991.5
2007,경기,동안구,경기 동안구,1205.3
2008,경기,동안구,경기 동안구,1207.2
2009,경기,동안구,경기 동안구,1147.6
2010,경기,동안구,경기 동안구,1136.3
2011,경기,동안구,경기 동안구,1134
2012,경기,동안구,경기 동안구,1102.4
2013,경기,동안구,경기 동안구,1044.2
2014,경기,동안구,경기 동안구,1067.4
2015,경기,동안구,경기 동안구,1129.4
2016,경기,동안구,경기 동안구,1163.6
2017,경기,동안구,경기 동안구,1181.1
2018,경기,동안구,경기 동안구,405.8
2003,경기,만안구,경기 만안구,124.9
2004,경기,만안구,경기 만안구,748.8
2005,경기,만안구,경기 만안구,762.9
2006,경기,만안구,경기 만안구,875
2007,경기,만안구,경기 만안구,1077.9
2008,경기,만안구,경기 만안구,1153.5
2009,경기,만안구,경기 만안구,1153.3
2010,경기,만안구,경기 만안구,1155.9
2011,경기,만안구,경기 만안구,1171.9
2012,경기,만안구,경기 만안구,1174.6
2013,경기,만안구,경기 만안구,1127.5
2014,경기,만안구,경기 만안구,1111.3
2015,경기,만안구,경기 만안구,1150.1
2016,경기,만안구,경기 만안구,1172.4
2017,경기,만안구,경기 만안구,1184.6
2018,경기,만안구,경기 만안구,404
2003,경기,부천시,경기 부천시,132.2
2004,경기,부천시,경기 부천시,774.6
2005,경기,부천시,경기 부천시,763.1
2006,경기,부천시,경기 부천시,826.7
2007,경기,부천시,경기 부천시,1006.7
2008,경기,부천시,경기 부천시,1147.4
2009,경기,부천시,경기 부천시,1183.8
2010,경기,부천시,경기 부천시,1198.9
2011,경기,부천시,경기 부천시,1195.2
2012,경기,부천시,경기 부천시,1162.3
2013,경기,부천시,경기 부천시,1109
2014,경기,부천시,경기 부천시,1122.6
2015,경기,부천시,경기 부천시,1145.5
2016,경기,부천시,경기 부천시,1172
2017,경기,부천시,경기 부천시,1185.6
2018,경기,부천시,경기 부천시,402.4
2003,경기,분당구,경기 분당구,153.5
2004,경기,분당구,경기 분당구,913.1
2005,경기,분당구,경기 분당구,1030.8
2006,경기,분당구,경기 분당구,1228.6
2007,경기,분당구,경기 분당구,1361.6
2008,경기,분당구,경기 분당구,1308.7
2009,경기,분당구,경기 분당구,1197
2010,경기,분당구,경기 분당구,1184.8
2011,경기,분당구,경기 분당구,1173.8
2012,경기,분당구,경기 분당구,1125.9
2013,경기,분당구,경기 분당구,1048.4
2014,경기,분당구,경기 분당구,1066.5
2015,경기,분당구,경기 분당구,1102.2
2016,경기,분당구,경기 분당구,1123.4
2017,경기,분당구,경기 분당구,1158.7
2018,경기,분당구,경기 분당구,423.8
2003,경기,상록구,경기 상록구,120.7
2004,경기,상록구,경기 상록구,715.5
2005,경기,상록구,경기 상록구,719.5
2006,경기,상록구,경기 상록구,747.7
2007,경기,상록구,경기 상록구,947.8
2008,경기,상록구,경기 상록구,1052.7
2009,경기,상록구,경기 상록구,1060.3
2010,경기,상록구,경기 상록구,1061.3
2011,경기,상록구,경기 상록구,1084.8
2012,경기,상록구,경기 상록구,1099.9
2013,경기,상록구,경기 상록구,1099.2
2014,경기,상록구,경기 상록구,1121.3
2015,경기,상록구,경기 상록구,1169.1
2016,경기,상록구,경기 상록구,1191.4
2017,경기,상록구,경기 상록구,1195.3
2018,경기,상록구,경기 상록구,399.9
2003,경기,성남시,경기 성남시,142
2004,경기,성남시,경기 성남시,841.9
2005,경기,성남시,경기 성남시,895.7
2006,경기,성남시,경기 성남시,1061
2007,경기,성남시,경기 성남시,1253.9
2008,경기,성남시,경기 성남시,1252.3
2009,경기,성남시,경기 성남시,1182.3
2010,경기,성남시,경기 성남시,1181.9
2011,경기,성남시,경기 성남시,1166.3
2012,경기,성남시,경기 성남시,1134.8
2013,경기,성남시,경기 성남시,1085.2
2014,경기,성남시,경기 성남시,1096.1
2015,경기,성남시,경기 성남시,1124.6
2016,경기,성남시,경기 성남시,1144.4
2017,경기,성남시,경기 성남시,1171.2
2018,경기,성남시,경기 성남시,414.6
2003,경기,수원시,경기 수원시,135.4
2004,경기,수원시,경기 수원시,789.2
2005,경기,수원시,경기 수원시,786
2006,경기,수원시,경기 수원시,859.1
2007,경기,수원시,경기 수원시,1059.3
2008,경기,수원시,경기 수원시,1090.4
2009,경기,수원시,경기 수원시,1082.5
2010,경기,수원시,경기 수원시,1099.2
2011,경기,수원시,경기 수원시,1125.5
2012,경기,수원시,경기 수원시,1111.5
2013,경기,수원시,경기 수원시,1078.9
2014,경기,수원시,경기 수원시,1099.7
2015,경기,수원시,경기 수원시,1154.8
2016,경기,수원시,경기 수원시,1179
2017,경기,수원시,경기 수원시,1193.2
2018,경기,수원시,경기 수원시,401.5
2003,경기,수정구,경기 수정구,140.9
2004,경기,수정구,경기 수정구,846.6
2005,경기,수정구,경기 수정구,868.3
2006,경기,수정구,경기 수정구,1033.9
2007,경기,수정구,경기 수정구,1239.9
2008,경기,수정구,경기 수정구,1231.1
2009,경기,수정구,경기 수정구,1189.8
2010,경기,수정구,경기 수정구,1197
2011,경기,수정구,경기 수정구,1173.8
2012,경기,수정구,경기 수정구,1150.7
2013,경기,수정구,경기 수정구,1139.2
2014,경기,수정구,경기 수정구,1139.9
2015,경기,수정구,경기 수정구,1152.6
2016,경기,수정구,경기 수정구,1168.5
2017,경기,수정구,경기 수정구,1185.7
2018,경기,수정구,경기 수정구,406.1
2003,경기,수지구,경기 수지구,156
2004,경기,수지구,경기 수지구,934.7
2005,경기,수지구,경기 수지구,1109.5
2006,경기,수지구,경기 수지구,1405.9
2007,경기,수지구,경기 수지구,1560.8
2008,경기,수지구,경기 수지구,1457.3
2009,경기,수지구,경기 수지구,1274.2
2010,경기,수지구,경기 수지구,1250.3
2011,경기,수지구,경기 수지구,1250.9
2012,경기,수지구,경기 수지구,1194.6
2013,경기,수지구,경기 수지구,1111.9
2014,경기,수지구,경기 수지구,1137.4
2015,경기,수지구,경기 수지구,1178.9
2016,경기,수지구,경기 수지구,1201.2
2017,경기,수지구,경기 수지구,1201.5
2018,경기,수지구,경기 수지구,403.8
2003,경기,시흥시,경기 시흥시,110.8
2004,경기,시흥시,경기 시흥시,657.3
2005,경기,시흥시,경기 시흥시,644.3
2006,경기,시흥시,경기 시흥시,667.3
2007,경기,시흥시,경기 시흥시,903.1
2008,경기,시흥시,경기 시흥시,1108.7
2009,경기,시흥시,경기 시흥시,1126.6
2010,경기,시흥시,경기 시흥시,1124
2011,경기,시흥시,경기 시흥시,1123.8
2012,경기,시흥시,경기 시흥시,1112.6
2013,경기,시흥시,경기 시흥시,1078.1
2014,경기,시흥시,경기 시흥시,1094.5
2015,경기,시흥시,경기 시흥시,1144.5
2016,경기,시흥시,경기 시흥시,1174.9
2017,경기,시흥시,경기 시흥시,1186.4
2018,경기,시흥시,경기 시흥시,400
2003,경기,안산시,경기 안산시,117
2004,경기,안산시,경기 안산시,692.6
2005,경기,안산시,경기 안산시,694.3
2006,경기,안산시,경기 안산시,721.3
2007,경기,안산시,경기 안산시,943.8
2008,경기,안산시,경기 안산시,1084.9
2009,경기,안산시,경기 안산시,1083.7
2010,경기,안산시,경기 안산시,1080.7
2011,경기,안산시,경기 안산시,1094.8
2012,경기,안산시,경기 안산시,1104.2
2013,경기,안산시,경기 안산시,1095.3
2014,경기,안산시,경기 안산시,1114.4
2015,경기,안산시,경기 안산시,1163.4
2016,경기,안산시,경기 안산시,1189.6
2017,경기,안산시,경기 안산시,1194.9
2018,경기,안산시,경기 안산시,399.6
2003,경기,안성시,경기 안성시,134.1
2004,경기,안성시,경기 안성시,844.3
2005,경기,안성시,경기 안성시,878.2
2006,경기,안성시,경기 안성시,914.2
2007,경기,안성시,경기 안성시,914.5
2008,경기,안성시,경기 안성시,950.9
2009,경기,안성시,경기 안성시,991.3
2010,경기,안성시,경기 안성시,994.3
2011,경기,안성시,경기 안성시,1019.7
2012,경기,안성시,경기 안성시,1089.1
2013,경기,안성시,경기 안성시,1120.8
2014,경기,안성시,경기 안성시,1153.8
2015,경기,안성시,경기 안성시,1183.7
2016,경기,안성시,경기 안성시,1201.3
2017,경기,안성시,경기 안성시,1200.6
2018,경기,안성시,경기 안성시,398.5
2003,경기,안양시,경기 안양시,121.6
2004,경기,안양시,경기 안양시,722.9
2005,경기,안양시,경기 안양시,764.1
2006,경기,안양시,경기 안양시,943.8
2007,경기,안양시,경기 안양시,1153.3
2008,경기,안양시,경기 안양시,1185.1
2009,경기,안양시,경기 안양시,1148.9
2010,경기,안양시,경기 안양시,1143.1
2011,경기,안양시,경기 안양시,1147.8
2012,경기,안양시,경기 안양시,1128.6
2013,경기,안양시,경기 안양시,1074.4
2014,경기,안양시,경기 안양시,1083.9
2015,경기,안양시,경기 안양시,1137.5
2016,경기,안양시,경기 안양시,1167.2
2017,경기,안양시,경기 안양시,1182.6
2018,경기,안양시,경기 안양시,405
2003,경기,양주시,경기 양주시,136.4
2004,경기,양주시,경기 양주시,803.7
2005,경기,양주시,경기 양주시,780.4
2006,경기,양주시,경기 양주시,763.1
2007,경기,양주시,경기 양주시,870
2008,경기,양주시,경기 양주시,1213.2
2009,경기,양주시,경기 양주시,1319.3
2010,경기,양주시,경기 양주시,1282.3
2011,경기,양주시,경기 양주시,1240.5
2012,경기,양주시,경기 양주시,1219.9
2013,경기,양주시,경기 양주시,1148.5
2014,경기,양주시,경기 양주시,1138.8
2015,경기,양주시,경기 양주시,1149
2016,경기,양주시,경기 양주시,1172.4
2017,경기,양주시,경기 양주시,1191.7
2018,경기,양주시,경기 양주시,400.4
2003,경기,영통구,경기 영통구,135
2004,경기,영통구,경기 영통구,770.1
2005,경기,영통구,경기 영통구,768.7
2006,경기,영통구,경기 영통구,888
2007,경기,영통구,경기 영통구,1092.4
2008,경기,영통구,경기 영통구,1097.9
2009,경기,영통구,경기 영통구,1066.4
2010,경기,영통구,경기 영통구,1081.1
2011,경기,영통구,경기 영통구,1111.2
2012,경기,영통구,경기 영통구,1093.2
2013,경기,영통구,경기 영통구,1053.2
2014,경기,영통구,경기 영통구,1085
2015,경기,영통구,경기 영통구,1155.4
2016,경기,영통구,경기 영통구,1181.5
2017,경기,영통구,경기 영통구,1194.2
2018,경기,영통구,경기 영통구,404.6
2003,경기,오산시,경기 오산시,151
2004,경기,오산시,경기 오산시,903.5
2005,경기,오산시,경기 오산시,867.9
2006,경기,오산시,경기 오산시,858.1
2007,경기,오산시,경기 오산시,985
2008,경기,오산시,경기 오산시,1038.4
2009,경기,오산시,경기 오산시,1049.6
2010,경기,오산시,경기 오산시,1065.1
2011,경기,오산시,경기 오산시,1115.7
2012,경기,오산시,경기 오산시,1162.6
2013,경기,오산시,경기 오산시,1150.4
2014,경기,오산시,경기 오산시,1152.9
2015,경기,오산시,경기 오산시,1181.8
2016,경기,오산시,경기 오산시,1194.2
2017,경기,오산시,경기 오산시,1199.8
2018,경기,오산시,경기 오산시,394.2
2003,경기,용인시,경기 용인시,153.1
2004,경기,용인시,경기 용인시,907.3
2005,경기,용인시,경기 용인시,997.7
2006,경기,용인시,경기 용인시,1170.1
2007,경기,용인시,경기 용인시,1380.5
2008,경기,용인시,경기 용인시,1356.5
2009,경기,용인시,경기 용인시,1260.2
2010,경기,용인시,경기 용인시,1239.2
2011,경기,용인시,경기 용인시,1230.5
2012,경기,용인시,경기 용인시,1198.2
2013,경기,용인시,경기 용인시,1147
2014,경기,용인시,경기 용인시,1151.2
2015,경기,용인시,경기 용인시,1178.5
2016,경기,용인시,경기 용인시,1198.1
2017,경기,용인시,경기 용인시,1200
2018,경기,용인시,경기 용인시,401.1
2003,경기,의왕시,경기 의왕시,119.7
2004,경기,의왕시,경기 의왕시,707
2005,경기,의왕시,경기 의왕시,760
2006,경기,의왕시,경기 의왕시,943.4
2007,경기,의왕시,경기 의왕시,1190.5
2008,경기,의왕시,경기 의왕시,1173.2
2009,경기,의왕시,경기 의왕시,1113.9
2010,경기,의왕시,경기 의왕시,1086.7
2011,경기,의왕시,경기 의왕시,1096.2
2012,경기,의왕시,경기 의왕시,1094.2
2013,경기,의왕시,경기 의왕시,1049.4
2014,경기,의왕시,경기 의왕시,1087.6
2015,경기,의왕시,경기 의왕시,1137.4
2016,경기,의왕시,경기 의왕시,1170.6
2017,경기,의왕시,경기 의왕시,1188
2018,경기,의왕시,경기 의왕시,404.5
2003,경기,의정부시,경기 의정부시,122.7
2004,경기,의정부시,경기 의정부시,717.3
2005,경기,의정부시,경기 의정부시,680.7
2006,경기,의정부시,경기 의정부시,678.8
2007,경기,의정부시,경기 의정부시,894.6
2008,경기,의정부시,경기 의정부시,1182.8
2009,경기,의정부시,경기 의정부시,1250.6
2010,경기,의정부시,경기 의정부시,1221.1
2011,경기,의정부시,경기 의정부시,1218.7
2012,경기,의정부시,경기 의정부시,1190.8
2013,경기,의정부시,경기 의정부시,1135.6
2014,경기,의정부시,경기 의정부시,1119.3
2015,경기,의정부시,경기 의정부시,1139.2
2016,경기,의정부시,경기 의정부시,1168.6
2017,경기,의정부시,경기 의정부시,1188.1
2018,경기,의정부시,경기 의정부시,400.5
2003,경기,이천시,경기 이천시,132.1
2004,경기,이천시,경기 이천시,783.5
2005,경기,이천시,경기 이천시,819.8
2006,경기,이천시,경기 이천시,861
2007,경기,이천시,경기 이천시,903.1
2008,경기,이천시,경기 이천시,1025.6
2009,경기,이천시,경기 이천시,1028
2010,경기,이천시,경기 이천시,1049.9
2011,경기,이천시,경기 이천시,1077.1
2012,경기,이천시,경기 이천시,1095.5
2013,경기,이천시,경기 이천시,1100.3
2014,경기,이천시,경기 이천시,1125.5
2015,경기,이천시,경기 이천시,1156.5
2016,경기,이천시,경기 이천시,1184.6
2017,경기,이천시,경기 이천시,1198.5
2018,경기,이천시,경기 이천시,400.9
2003,경기,일산동구,경기 일산동구,130.5
2004,경기,일산동구,경기 일산동구,788.2
2005,경기,일산동구,경기 일산동구,817.9
2006,경기,일산동구,경기 일산동구,982
2007,경기,일산동구,경기 일산동구,1189.6
2008,경기,일산동구,경기 일산동구,1198
2009,경기,일산동구,경기 일산동구,1167.9
2010,경기,일산동구,경기 일산동구,1138.2
2011,경기,일산동구,경기 일산동구,1105.1
2012,경기,일산동구,경기 일산동구,1086.3
2013,경기,일산동구,경기 일산동구,1027.9
2014,경기,일산동구,경기 일산동구,1050.3
2015,경기,일산동구,경기 일산동구,1114.1
2016,경기,일산동구,경기 일산동구,1156
2017,경기,일산동구,경기 일산동구,1187.6
2018,경기,일산동구,경기 일산동구,397.7
2003,경기,일산서구,경기 일산서구,138.4
2004,경기,일산서구,경기 일산서구,824.7
2005,경기,일산서구,경기 일산서구,849.1
2006,경기,일산서구,경기 일산서구,1027.5
2007,경기,일산서구,경기 일산서구,1277.3
2008,경기,일산서구,경기 일산서구,1282.9
2009,경기,일산서구,경기 일산서구,1256.6
2010,경기,일산서구,경기 일산서구,1218.5
2011,경기,일산서구,경기 일산서구,1173.4
2012,경기,일산서구,경기 일산서구,1114.1
2013,경기,일산서구,경기 일산서구,1042.7
2014,경기,일산서구,경기 일산서구,1071.3
2015,경기,일산서구,경기 일산서구,1122.4
2016,경기,일산서구,경기 일산서구,1159.5
2017,경기,일산서구,경기 일산서구,1184.2
2018,경기,일산서구,경기 일산서구,398.4
2003,경기,장안구,경기 장안구,136.3
2004,경기,장안구,경기 장안구,800.3
2005,경기,장안구,경기 장안구,784
2006,경기,장안구,경기 장안구,830
2007,경기,장안구,경기 장안구,1051.5
2008,경기,장안구,경기 장안구,1092.2
2009,경기,장안구,경기 장안구,1090
2010,경기,장안구,경기 장안구,1101.8
2011,경기,장안구,경기 장안구,1119.6
2012,경기,장안구,경기 장안구,1115.5
2013,경기,장안구,경기 장안구,1100
2014,경기,장안구,경기 장안구,1105.7
2015,경기,장안구,경기 장안구,1153.3
2016,경기,장안구,경기 장안구,1181.2
2017,경기,장안구,경기 장안구,1194
2018,경기,장안구,경기 장안구,398.6
2003,경기,중원구,경기 중원구,121.5
2004,경기,중원구,경기 중원구,706.9
2005,경기,중원구,경기 중원구,685
2006,경기,중원구,경기 중원구,796.4
2007,경기,중원구,경기 중원구,1063.9
2008,경기,중원구,경기 중원구,1158.4
2009,경기,중원구,경기 중원구,1147.7
2010,경기,중원구,경기 중원구,1164.5
2011,경기,중원구,경기 중원구,1146.1
2012,경기,중원구,경기 중원구,1144
2013,경기,중원구,경기 중원구,1128.8
2014,경기,중원구,경기 중원구,1129.6
2015,경기,중원구,경기 중원구,1153.4
2016,경기,중원구,경기 중원구,1172.4
2017,경기,중원구,경기 중원구,1188
2018,경기,중원구,경기 중원구,403
2003,경기,처인구,경기 처인구,149.1
2004,경기,처인구,경기 처인구,883.6
2005,경기,처인구,경기 처인구,884.1
2006,경기,처인구,경기 처인구,888.7
2007,경기,처인구,경기 처인구,1135.2
2008,경기,처인구,경기 처인구,1211.8
2009,경기,처인구,경기 처인구,1214.4
2010,경기,처인구,경기 처인구,1205.2
2011,경기,처인구,경기 처인구,1203.1
2012,경기,처인구,경기 처인구,1193.8
2013,경기,처인구,경기 처인구,1175.2
2014,경기,처인구,경기 처인구,1165
2015,경기,처인구,경기 처인구,1180.5
2016,경기,처인구,경기 처인구,1197.1
2017,경기,처인구,경기 처인구,1200.8
2018,경기,처인구,경기 처인구,398.6
2003,경기,파주시,경기 파주시,160
2004,경기,파주시,경기 파주시,976.5
2005,경기,파주시,경기 파주시,970.9
2006,경기,파주시,경기 파주시,1048.8
2007,경기,파주시,경기 파주시,1251.8
2008,경기,파주시,경기 파주시,1310
2009,경기,파주시,경기 파주시,1277.1
2010,경기,파주시,경기 파주시,1248.9
2011,경기,파주시,경기 파주시,1237
2012,경기,파주시,경기 파주시,1192.2
2013,경기,파주시,경기 파주시,1120.3
2014,경기,파주시,경기 파주시,1122.4
2015,경기,파주시,경기 파주시,1145.3
2016,경기,파주시,경기 파주시,1172
2017,경기,파주시,경기 파주시,1186.6
2018,경기,파주시,경기 파주시,400
2003,경기,팔달구,경기 팔달구,128
2004,경기,팔달구,경기 팔달구,744.2
2005,경기,팔달구,경기 팔달구,737.9
2006,경기,팔달구,경기 팔달구,808.1
2007,경기,팔달구,경기 팔달구,998.8
2008,경기,팔달구,경기 팔달구,1054.8
2009,경기,팔달구,경기 팔달구,1075.5
2010,경기,팔달구,경기 팔달구,1096.8
2011,경기,팔달구,경기 팔달구,1131.4
2012,경기,팔달구,경기 팔달구,1124.3
2013,경기,팔달구,경기 팔달구,1096.8
2014,경기,팔달구,경기 팔달구,1118.7
2015,경기,팔달구,경기 팔달구,1165
2016,경기,팔달구,경기 팔달구,1176.9
2017,경기,팔달구,경기 팔달구,1192
2018,경기,팔달구,경기 팔달구,403.7
2003,경기,평택시,경기 평택시,154.6
2004,경기,평택시,경기 평택시,911.5
2005,경기,평택시,경기 평택시,865.1
2006,경기,평택시,경기 평택시,866.8
2007,경기,평택시,경기 평택시,931.9
2008,경기,평택시,경기 평택시,1010.5
2009,경기,평택시,경기 평택시,1029.6
2010,경기,평택시,경기 평택시,1038.8
2011,경기,평택시,경기 평택시,1077.2
2012,경기,평택시,경기 평택시,1129.5
2013,경기,평택시,경기 평택시,1140.3
2014,경기,평택시,경기 평택시,1149.7
2015,경기,평택시,경기 평택시,1174.9
2016,경기,평택시,경기 평택시,1189.8
2017,경기,평택시,경기 평택시,1196.3
2018,경기,평택시,경기 평택시,397.4
2003,경기,하남시,경기 하남시,158.1
2004,경기,하남시,경기 하남시,928.9
2005,경기,하남시,경기 하남시,899.5
2006,경기,하남시,경기 하남시,996.5
2007,경기,하남시,경기 하남시,1178
2008,경기,하남시,경기 하남시,1200.5
2009,경기,하남시,경기 하남시,1144.2
2010,경기,하남시,경기 하남시,1153.5
2011,경기,하남시,경기 하남시,1151.4
2012,경기,하남시,경기 하남시,1115.9
2013,경기,하남시,경기 하남시,1063.8
2014,경기,하남시,경기 하남시,1077.7
2015,경기,하남시,경기 하남시,1145.6
2016,경기,하남시,경기 하남시,1178.1
2017,경기,하남시,경기 하남시,1188.3
2018,경기,하남시,경기 하남시,407.1
2003,경기,화성시,경기 화성시,176.1
2004,경기,화성시,경기 화성시,1010
2005,경기,화성시,경기 화성시,975.6
2006,경기,화성시,경기 화성시,1014
2007,경기,화성시,경기 화성시,1126.5
2008,경기,화성시,경기 화성시,1126.6
2009,경기,화성시,경기 화성시,1109.1
2010,경기,화성시,경기 화성시,1114.5
2011,경기,화성시,경기 화성시,1144.5
2012,경기,화성시,경기 화성시,1140.8
2013,경기,화성시,경기 화성시,1117.7
2014,경기,화성시,경기 화성시,1138.2
2015,경기,화성시,경기 화성시,1166.8
2016,경기,화성시,경기 화성시,1179.7
2017,경기,화성시,경기 화성시,1195.9
2018,경기,화성시,경기 화성시,399.1
2003,경남,,경남 ,135.7
2004,경남,,경남 ,815.7
2005,경남,,경남 ,824
2006,경남,,경남 ,835.5
2007,경남,,경남 ,841.2
2008,경남,,경남 ,860.9
2009,경남,,경남 ,876.6
2010,경남,,경남 ,930.1
2011,경남,,경남 ,1118.6
2012,경남,,경남 ,1180.8
2013,경남,,경남 ,1173.1
2014,경남,,경남 ,1191.7
2015,경남,,경남 ,1215.9
2016,경남,,경남 ,1222.9
2017,경남,,경남 ,1210.4
2018,경남,,경남 ,396.5
2003,경남,거제시,경남 거제시,100.6
2004,경남,거제시,경남 거제시,636.7
2005,경남,거제시,경남 거제시,630.2
2006,경남,거제시,경남 거제시,640.5
2007,경남,거제시,경남 거제시,681.1
2008,경남,거제시,경남 거제시,827.6
2009,경남,거제시,경남 거제시,940.9
2010,경남,거제시,경남 거제시,1034.5
2011,경남,거제시,경남 거제시,1184.1
2012,경남,거제시,경남 거제시,1308.6
2013,경남,거제시,경남 거제시,1281.2
2014,경남,거제시,경남 거제시,1334.7
2015,경남,거제시,경남 거제시,1373.5
2016,경남,거제시,경남 거제시,1341.5
2017,경남,거제시,경남 거제시,1225
2018,경남,거제시,경남 거제시,387.3
2003,경남,김해시,경남 김해시,140.5
2004,경남,김해시,경남 김해시,842.9
2005,경남,김해시,경남 김해시,820.5
2006,경남,김해시,경남 김해시,811.4
2007,경남,김해시,경남 김해시,815.4
2008,경남,김해시,경남 김해시,843.8
2009,경남,김해시,경남 김해시,878.2
2010,경남,김해시,경남 김해시,938.3
2011,경남,김해시,경남 김해시,1165.1
2012,경남,김해시,경남 김해시,1169.9
2013,경남,김해시,경남 김해시,1157.1
2014,경남,김해시,경남 김해시,1173.7
2015,경남,김해시,경남 김해시,1206.1
2016,경남,김해시,경남 김해시,1214.1
2017,경남,김해시,경남 김해시,1208.5
2018,경남,김해시,경남 김해시,397.5
2003,경남,마산합포구,경남 마산합포구,149
2004,경남,마산합포구,경남 마산합포구,870.9
2005,경남,마산합포구,경남 마산합포구,858.8
2006,경남,마산합포구,경남 마산합포구,855
2007,경남,마산합포구,경남 마산합포구,840.4
2008,경남,마산합포구,경남 마산합포구,840.6
2009,경남,마산합포구,경남 마산합포구,838.3
2010,경남,마산합포구,경남 마산합포구,872.8
2011,경남,마산합포구,경남 마산합포구,1074.5
2012,경남,마산합포구,경남 마산합포구,1167.4
2013,경남,마산합포구,경남 마산합포구,1182.1
2014,경남,마산합포구,경남 마산합포구,1212
2015,경남,마산합포구,경남 마산합포구,1236.8
2016,경남,마산합포구,경남 마산합포구,1233.8
2017,경남,마산합포구,경남 마산합포구,1213.2
2018,경남,마산합포구,경남 마산합포구,397.3
2003,경남,마산회원구,경남 마산회원구,146.6
2004,경남,마산회원구,경남 마산회원구,866.6
2005,경남,마산회원구,경남 마산회원구,854.2
2006,경남,마산회원구,경남 마산회원구,855.1
2007,경남,마산회원구,경남 마산회원구,860.1
2008,경남,마산회원구,경남 마산회원구,878.6
2009,경남,마산회원구,경남 마산회원구,895
2010,경남,마산회원구,경남 마산회원구,946.2
2011,경남,마산회원구,경남 마산회원구,1152.4
2012,경남,마산회원구,경남 마산회원구,1224.8
2013,경남,마산회원구,경남 마산회원구,1213.5
2014,경남,마산회원구,경남 마산회원구,1228.4
2015,경남,마산회원구,경남 마산회원구,1246
2016,경남,마산회원구,경남 마산회원구,1240.3
2017,경남,마산회원구,경남 마산회원구,1216.5
2018,경남,마산회원구,경남 마산회원구,393.3
2003,경남,성산구,경남 성산구,108.4
2004,경남,성산구,경남 성산구,658.2
2005,경남,성산구,경남 성산구,722.9
2006,경남,성산구,경남 성산구,734.9
2007,경남,성산구,경남 성산구,735.9
2008,경남,성산구,경남 성산구,759.4
2009,경남,성산구,경남 성산구,786.3
2010,경남,성산구,경남 성산구,897.8
2011,경남,성산구,경남 성산구,1201.4
2012,경남,성산구,경남 성산구,1262.3
2013,경남,성산구,경남 성산구,1239.2
2014,경남,성산구,경남 성산구,1264.7
2015,경남,성산구,경남 성산구,1326
2016,경남,성산구,경남 성산구,1337.6
2017,경남,성산구,경남 성산구,1265.2
2018,경남,성산구,경남 성산구,390.1
2003,경남,양산시,경남 양산시,140.9
2004,경남,양산시,경남 양산시,836.8
2005,경남,양산시,경남 양산시,826.3
2006,경남,양산시,경남 양산시,818.5
2007,경남,양산시,경남 양산시,810.3
2008,경남,양산시,경남 양산시,813.4
2009,경남,양산시,경남 양산시,819.5
2010,경남,양산시,경남 양산시,866.5
2011,경남,양산시,경남 양산시,1105.2
2012,경남,양산시,경남 양산시,1168.7
2013,경남,양산시,경남 양산시,1156.5
2014,경남,양산시,경남 양산시,1158.4
2015,경남,양산시,경남 양산시,1168.5
2016,경남,양산시,경남 양산시,1186.5
2017,경남,양산시,경남 양산시,1199.5
2018,경남,양산시,경남 양산시,398.8
2003,경남,의창구,경남 의창구,133
2004,경남,의창구,경남 의창구,788.5
2005,경남,의창구,경남 의창구,816.6
2006,경남,의창구,경남 의창구,828.9
2007,경남,의창구,경남 의창구,829
2008,경남,의창구,경남 의창구,837.6
2009,경남,의창구,경남 의창구,850.7
2010,경남,의창구,경남 의창구,910
2011,경남,의창구,경남 의창구,1099.3
2012,경남,의창구,경남 의창구,1175.2
2013,경남,의창구,경남 의창구,1180.8
2014,경남,의창구,경남 의창구,1221.2
2015,경남,의창구,경남 의창구,1261.7
2016,경남,의창구,경남 의창구,1261.9
2017,경남,의창구,경남 의창구,1232.5
2018,경남,의창구,경남 의창구,393.5
2003,경남,진주시,경남 진주시,152.9
2004,경남,진주시,경남 진주시,932.6
2005,경남,진주시,경남 진주시,969.6
2006,경남,진주시,경남 진주시,1040.6
2007,경남,진주시,경남 진주시,1070.1
2008,경남,진주시,경남 진주시,1066.1
2009,경남,진주시,경남 진주시,1043.2
2010,경남,진주시,경남 진주시,1047.4
2011,경남,진주시,경남 진주시,1062.5
2012,경남,진주시,경남 진주시,1109.7
2013,경남,진주시,경남 진주시,1104
2014,경남,진주시,경남 진주시,1107
2015,경남,진주시,경남 진주시,1110.6
2016,경남,진주시,경남 진주시,1137.2
2017,경남,진주시,경남 진주시,1189
2018,경남,진주시,경남 진주시,399.2
2003,경남,창원시,경남 창원시,134.5
2004,경남,창원시,경남 창원시,800.5
2005,경남,창원시,경남 창원시,818
2006,경남,창원시,경남 창원시,824.5
2007,경남,창원시,경남 창원시,822.2
2008,경남,창원시,경남 창원시,832.1
2009,경남,창원시,경남 창원시,842.7
2010,경남,창원시,경남 창원시,906
2011,경남,창원시,경남 창원시,1136.3
2012,경남,창원시,경남 창원시,1211.5
2013,경남,창원시,경남 창원시,1205.8
2014,경남,창원시,경남 창원시,1233
2015,경남,창원시,경남 창원시,1266.8
2016,경남,창원시,경남 창원시,1265.4
2017,경남,창원시,경남 창원시,1229.4
2018,경남,창원시,경남 창원시,393.4
2003,경북,경산시,경북 경산시,145.9
2004,경북,경산시,경북 경산시,851.7
2005,경북,경산시,경북 경산시,842.9
2006,경북,경산시,경북 경산시,869.5
2007,경북,경산시,경북 경산시,882.3
2008,경북,경산시,경북 경산시,891.1
2009,경북,경산시,경북 경산시,896
2010,경북,경산시,경북 경산시,893
2011,경북,경산시,경북 경산시,925.5
2012,경북,경산시,경북 경산시,1013.3
2013,경북,경산시,경북 경산시,1081.5
2014,경북,경산시,경북 경산시,1174.2
2015,경북,경산시,경북 경산시,1240.6
2016,경북,경산시,경북 경산시,1233.7
2017,경북,경산시,경북 경산시,1202
2018,경북,경산시,경북 경산시,400.6
2003,경북,구미시,경북 구미시,155.3
2004,경북,구미시,경북 구미시,916.5
2005,경북,구미시,경북 구미시,934.8
2006,경북,구미시,경북 구미시,987.8
2007,경북,구미시,경북 구미시,1035.9
2008,경북,구미시,경북 구미시,1032.4
2009,경북,구미시,경북 구미시,982.9
2010,경북,구미시,경북 구미시,969.8
2011,경북,구미시,경북 구미시,1021.4
2012,경북,구미시,경북 구미시,1117.9
2013,경북,구미시,경북 구미시,1201.2
2014,경북,구미시,경북 구미시,1280.2
2015,경북,구미시,경북 구미시,1292.3
2016,경북,구미시,경북 구미시,1257.5
2017,경북,구미시,경북 구미시,1218.7
2018,경북,구미시,경북 구미시,395.4
2003,경북,남구,경북 남구,147.2
2004,경북,남구,경북 남구,868.4
2005,경북,남구,경북 남구,861.5
2006,경북,남구,경북 남구,877.5
2007,경북,남구,경북 남구,909.1
2008,경북,남구,경북 남구,953.9
2009,경북,남구,경북 남구,957.9
2010,경북,남구,경북 남구,970
2011,경북,남구,경북 남구,979.5
2012,경북,남구,경북 남구,1009.5
2013,경북,남구,경북 남구,1072.5
2014,경북,남구,경북 남구,1154.7
2015,경북,남구,경북 남구,1214.4
2016,경북,남구,경북 남구,1232.1
2017,경북,남구,경북 남구,1207.8
2018,경북,남구,경북 남구,397.4
2003,경북,북구,경북 북구,143.2
2004,경북,북구,경북 북구,842.1
2005,경북,북구,경북 북구,853.1
2006,경북,북구,경북 북구,906.7
2007,경북,북구,경북 북구,955.6
2008,경북,북구,경북 북구,951.3
2009,경북,북구,경북 북구,919.7
2010,경북,북구,경북 북구,934.3
2011,경북,북구,경북 북구,957.6
2012,경북,북구,경북 북구,1010.8
2013,경북,북구,경북 북구,1079.8
2014,경북,북구,경북 북구,1153.1
2015,경북,북구,경북 북구,1235.5
2016,경북,북구,경북 북구,1251.4
2017,경북,북구,경북 북구,1215.6
2018,경북,북구,경북 북구,393.3
2003,경북,포항시,경북 포항시,145.3
2004,경북,포항시,경북 포항시,856.2
2005,경북,포항시,경북 포항시,858.7
2006,경북,포항시,경북 포항시,895
2007,경북,포항시,경북 포항시,935.7
2008,경북,포항시,경북 포항시,954.5
2009,경북,포항시,경북 포항시,939.1
2010,경북,포항시,경북 포항시,952.7
2011,경북,포항시,경북 포항시,969.6
2012,경북,포항시,경북 포항시,1011.8
2013,경북,포항시,경북 포항시,1077.6
2014,경북,포항시,경북 포항시,1155.9
2015,경북,포항시,경북 포항시,1226.2
2016,경북,포항시,경북 포항시,1242.7
2017,경북,포항시,경북 포항시,1212
2018,경북,포항시,경북 포항시,395
2003,광주,광산구,광주 광산구,122.4
2004,광주,광산구,광주 광산구,737.9
2005,광주,광산구,광주 광산구,806.9
2006,광주,광산구,광주 광산구,865.6
2007,광주,광산구,광주 광산구,870.8
2008,광주,광산구,광주 광산구,884.4
2009,광주,광산구,광주 광산구,880.8
2010,광주,광산구,광주 광산구,881.4
2011,광주,광산구,광주 광산구,991.3
2012,광주,광산구,광주 광산구,1068.7
2013,광주,광산구,광주 광산구,1076.9
2014,광주,광산구,광주 광산구,1087
2015,광주,광산구,광주 광산구,1137.3
2016,광주,광산구,광주 광산구,1172.3
2017,광주,광산구,광주 광산구,1187.5
2018,광주,광산구,광주 광산구,403.3
2003,광주,남구,광주 남구,139.7
2004,광주,남구,광주 남구,846.8
2005,광주,남구,광주 남구,864.5
2006,광주,남구,광주 남구,897
2007,광주,남구,광주 남구,928.2
2008,광주,남구,광주 남구,956.1
2009,광주,남구,광주 남구,948.4
2010,광주,남구,광주 남구,946.6
2011,광주,남구,광주 남구,1004
2012,광주,남구,광주 남구,1080
2013,광주,남구,광주 남구,1100
2014,광주,남구,광주 남구,1107.6
2015,광주,남구,광주 남구,1147
2016,광주,남구,광주 남구,1173.5
2017,광주,남구,광주 남구,1187.3
2018,광주,남구,광주 남구,403.6
2003,광주,동구,광주 동구,163.1
2004,광주,동구,광주 동구,986.6
2005,광주,동구,광주 동구,991.2
2006,광주,동구,광주 동구,998.4
2007,광주,동구,광주 동구,995.4
2008,광주,동구,광주 동구,999.8
2009,광주,동구,광주 동구,1003.7
2010,광주,동구,광주 동구,1005.4
2011,광주,동구,광주 동구,1025.2
2012,광주,동구,광주 동구,1081.8
2013,광주,동구,광주 동구,1107.9
2014,광주,동구,광주 동구,1118.6
2015,광주,동구,광주 동구,1162.4
2016,광주,동구,광주 동구,1182.6
2017,광주,동구,광주 동구,1192.7
2018,광주,동구,광주 동구,401.2
2003,광주,북구,광주 북구,138.6
2004,광주,북구,광주 북구,816.4
2005,광주,북구,광주 북구,839.6
2006,광주,북구,광주 북구,864.4
2007,광주,북구,광주 북구,872.1
2008,광주,북구,광주 북구,873.5
2009,광주,북구,광주 북구,870.7
2010,광주,북구,광주 북구,881.2
2011,광주,북구,광주 북구,1001
2012,광주,북구,광주 북구,1106.6
2013,광주,북구,광주 북구,1117.3
2014,광주,북구,광주 북구,1123
2015,광주,북구,광주 북구,1162.9
2016,광주,북구,광주 북구,1195.7
2017,광주,북구,광주 북구,1198.1
2018,광주,북구,광주 북구,400.5
2003,광주,서구,광주 서구,133.1
2004,광주,서구,광주 서구,804
2005,광주,서구,광주 서구,831.8
2006,광주,서구,광주 서구,859.1
2007,광주,서구,광주 서구,872.2
2008,광주,서구,광주 서구,884.6
2009,광주,서구,광주 서구,883.9
2010,광주,서구,광주 서구,889.8
2011,광주,서구,광주 서구,986.1
2012,광주,서구,광주 서구,1065.1
2013,광주,서구,광주 서구,1085.6
2014,광주,서구,광주 서구,1104.9
2015,광주,서구,광주 서구,1158.7
2016,광주,서구,광주 서구,1184.8
2017,광주,서구,광주 서구,1191.6
2018,광주,서구,광주 서구,401.4
2003,대구,남구,대구 남구,162.8
2004,대구,남구,대구 남구,940.6
2005,대구,남구,대구 남구,923.9
2006,대구,남구,대구 남구,954.2
2007,대구,남구,대구 남구,975.9
2008,대구,남구,대구 남구,996.6
2009,대구,남구,대구 남구,988.4
2010,대구,남구,대구 남구,988.5
2011,대구,남구,대구 남구,995
2012,대구,남구,대구 남구,1013.6
2013,대구,남구,대구 남구,1043.4
2014,대구,남구,대구 남구,1085.2
2015,대구,남구,대구 남구,1144.9
2016,대구,남구,대구 남구,1186.1
2017,대구,남구,대구 남구,1188
2018,대구,남구,대구 남구,403.5
2003,대구,달서구,대구 달서구,129.1
2004,대구,달서구,대구 달서구,770.8
2005,대구,달서구,대구 달서구,803.7
2006,대구,달서구,대구 달서구,849.2
2007,대구,달서구,대구 달서구,826.3
2008,대구,달서구,대구 달서구,795.6
2009,대구,달서구,대구 달서구,756.5
2010,대구,달서구,대구 달서구,779.2
2011,대구,달서구,대구 달서구,849.8
2012,대구,달서구,대구 달서구,936.9
2013,대구,달서구,대구 달서구,1011
2014,대구,달서구,대구 달서구,1124
2015,대구,달서구,대구 달서구,1187.9
2016,대구,달서구,대구 달서구,1211.9
2017,대구,달서구,대구 달서구,1195.8
2018,대구,달서구,대구 달서구,402.6
2003,대구,달성군,대구 달성군,141.2
2004,대구,달성군,대구 달성군,841.1
2005,대구,달성군,대구 달성군,862.9
2006,대구,달성군,대구 달성군,899.6
2007,대구,달성군,대구 달성군,906.3
2008,대구,달성군,대구 달성군,889.7
2009,대구,달성군,대구 달성군,868
2010,대구,달성군,대구 달성군,890.6
2011,대구,달성군,대구 달성군,952.3
2012,대구,달성군,대구 달성군,1029.2
2013,대구,달성군,대구 달성군,1093.2
2014,대구,달성군,대구 달성군,1166.6
2015,대구,달성군,대구 달성군,1208.2
2016,대구,달성군,대구 달성군,1211.2
2017,대구,달성군,대구 달성군,1194.5
2018,대구,달성군,대구 달성군,402
2003,대구,동구,대구 동구,135.4
2004,대구,동구,대구 동구,799.7
2005,대구,동구,대구 동구,818.2
2006,대구,동구,대구 동구,860.5
2007,대구,동구,대구 동구,877.4
2008,대구,동구,대구 동구,889.8
2009,대구,동구,대구 동구,870
2010,대구,동구,대구 동구,868.8
2011,대구,동구,대구 동구,883.5
2012,대구,동구,대구 동구,939.5
2013,대구,동구,대구 동구,987.9
2014,대구,동구,대구 동구,1073.9
2015,대구,동구,대구 동구,1157.7
2016,대구,동구,대구 동구,1189.4
2017,대구,동구,대구 동구,1189.2
2018,대구,동구,대구 동구,402.7
2003,대구,북구,대구 북구,121.8
2004,대구,북구,대구 북구,726.3
2005,대구,북구,대구 북구,756.9
2006,대구,북구,대구 북구,812.2
2007,대구,북구,대구 북구,818.6
2008,대구,북구,대구 북구,807.2
2009,대구,북구,대구 북구,787.1
2010,대구,북구,대구 북구,795.2
2011,대구,북구,대구 북구,856.3
2012,대구,북구,대구 북구,934.9
2013,대구,북구,대구 북구,1009
2014,대구,북구,대구 북구,1107.2
2015,대구,북구,대구 북구,1182.5
2016,대구,북구,대구 북구,1210.7
2017,대구,북구,대구 북구,1196.9
2018,대구,북구,대구 북구,400.7
2003,대구,서구,대구 서구,175.1
2004,대구,서구,대구 서구,992.8
2005,대구,서구,대구 서구,976.9
2006,대구,서구,대구 서구,1026.1
2007,대구,서구,대구 서구,1018.3
2008,대구,서구,대구 서구,1004.9
2009,대구,서구,대구 서구,961
2010,대구,서구,대구 서구,964.3
2011,대구,서구,대구 서구,987.1
2012,대구,서구,대구 서구,1020.3
2013,대구,서구,대구 서구,1063.3
2014,대구,서구,대구 서구,1104.9
2015,대구,서구,대구 서구,1163.6
2016,대구,서구,대구 서구,1184.7
2017,대구,서구,대구 서구,1188.9
2018,대구,서구,대구 서구,403.1
2003,대구,수성구,대구 수성구,133.2
2004,대구,수성구,대구 수성구,780.7
2005,대구,수성구,대구 수성구,809.1
2006,대구,수성구,대구 수성구,832.7
2007,대구,수성구,대구 수성구,824.4
2008,대구,수성구,대구 수성구,825
2009,대구,수성구,대구 수성구,797
2010,대구,수성구,대구 수성구,798
2011,대구,수성구,대구 수성구,847.3
2012,대구,수성구,대구 수성구,914
2013,대구,수성구,대구 수성구,947.3
2014,대구,수성구,대구 수성구,1028.2
2015,대구,수성구,대구 수성구,1143.7
2016,대구,수성구,대구 수성구,1169.5
2017,대구,수성구,대구 수성구,1174.4
2018,대구,수성구,대구 수성구,406.4
2003,대구,중구,대구 중구,155.9
2004,대구,중구,대구 중구,896
2005,대구,중구,대구 중구,921.3
2006,대구,중구,대구 중구,969.5
2007,대구,중구,대구 중구,970.5
2008,대구,중구,대구 중구,963.6
2009,대구,중구,대구 중구,943.3
2010,대구,중구,대구 중구,948
2011,대구,중구,대구 중구,966.1
2012,대구,중구,대구 중구,1003.9
2013,대구,중구,대구 중구,1043.2
2014,대구,중구,대구 중구,1079
2015,대구,중구,대구 중구,1142.7
2016,대구,중구,대구 중구,1177.5
2017,대구,중구,대구 중구,1182.6
2018,대구,중구,대구 중구,406
2003,대전,대덕구,대전 대덕구,145.4
2004,대전,대덕구,대전 대덕구,888.2
2005,대전,대덕구,대전 대덕구,886.2
2006,대전,대덕구,대전 대덕구,877.5
2007,대전,대덕구,대전 대덕구,861
2008,대전,대덕구,대전 대덕구,862.2
2009,대전,대덕구,대전 대덕구,884.4
2010,대전,대덕구,대전 대덕구,949.2
2011,대전,대덕구,대전 대덕구,1079.3
2012,대전,대덕구,대전 대덕구,1135.7
2013,대전,대덕구,대전 대덕구,1137.5
2014,대전,대덕구,대전 대덕구,1154.5
2015,대전,대덕구,대전 대덕구,1177.2
2016,대전,대덕구,대전 대덕구,1181.7
2017,대전,대덕구,대전 대덕구,1193.5
2018,대전,대덕구,대전 대덕구,400.4
2003,대전,동구,대전 동구,150.7
2004,대전,동구,대전 동구,917.1
2005,대전,동구,대전 동구,909.9
2006,대전,동구,대전 동구,908.9
2007,대전,동구,대전 동구,907.3
2008,대전,동구,대전 동구,928.8
2009,대전,동구,대전 동구,960.8
2010,대전,동구,대전 동구,1019.8
2011,대전,동구,대전 동구,1110
2012,대전,동구,대전 동구,1143
2013,대전,동구,대전 동구,1149.4
2014,대전,동구,대전 동구,1154.4
2015,대전,동구,대전 동구,1167.9
2016,대전,동구,대전 동구,1176.6
2017,대전,동구,대전 동구,1189.4
2018,대전,동구,대전 동구,400.1
2003,대전,서구,대전 서구,160.1
2004,대전,서구,대전 서구,960.3
2005,대전,서구,대전 서구,954.4
2006,대전,서구,대전 서구,951.3
2007,대전,서구,대전 서구,937.5
2008,대전,서구,대전 서구,941.5
2009,대전,서구,대전 서구,965.9
2010,대전,서구,대전 서구,1060.7
2011,대전,서구,대전 서구,1196.4
2012,대전,서구,대전 서구,1211.5
2013,대전,서구,대전 서구,1184
2014,대전,서구,대전 서구,1187.2
2015,대전,서구,대전 서구,1182.4
2016,대전,서구,대전 서구,1179.1
2017,대전,서구,대전 서구,1189.8
2018,대전,서구,대전 서구,402.5
2003,대전,유성구,대전 유성구,176.6
2004,대전,유성구,대전 유성구,1063.3
2005,대전,유성구,대전 유성구,1070.3
2006,대전,유성구,대전 유성구,1058.1
2007,대전,유성구,대전 유성구,1037.6
2008,대전,유성구,대전 유성구,1027.7
2009,대전,유성구,대전 유성구,1029.5
2010,대전,유성구,대전 유성구,1081.6
2011,대전,유성구,대전 유성구,1202.9
2012,대전,유성구,대전 유성구,1187.1
2013,대전,유성구,대전 유성구,1181.5
2014,대전,유성구,대전 유성구,1194.8
2015,대전,유성구,대전 유성구,1188.7
2016,대전,유성구,대전 유성구,1184.6
2017,대전,유성구,대전 유성구,1192.7
2018,대전,유성구,대전 유성구,402.9
2003,대전,중구,대전 중구,157.4
2004,대전,중구,대전 중구,964.1
2005,대전,중구,대전 중구,978.4
2006,대전,중구,대전 중구,974.6
2007,대전,중구,대전 중구,955.1
2008,대전,중구,대전 중구,959.8
2009,대전,중구,대전 중구,965.5
2010,대전,중구,대전 중구,1015.5
2011,대전,중구,대전 중구,1123.9
2012,대전,중구,대전 중구,1176.4
2013,대전,중구,대전 중구,1160.4
2014,대전,중구,대전 중구,1155.5
2015,대전,중구,대전 중구,1172.5
2016,대전,중구,대전 중구,1180.9
2017,대전,중구,대전 중구,1191.8
2018,대전,중구,대전 중구,401.2
2003,부산,금정구,부산 금정구,156
2004,부산,금정구,부산 금정구,904.9
2005,부산,금정구,부산 금정구,880.1
2006,부산,금정구,부산 금정구,858.3
2007,부산,금정구,부산 금정구,856.4
2008,부산,금정구,부산 금정구,865.8
2009,부산,금정구,부산 금정구,871.9
2010,부산,금정구,부산 금정구,908.8
2011,부산,금정구,부산 금정구,1046.3
2012,부산,금정구,부산 금정구,1099.7
2013,부산,금정구,부산 금정구,1093.9
2014,부산,금정구,부산 금정구,1099.4
2015,부산,금정구,부산 금정구,1124.9
2016,부산,금정구,부산 금정구,1157.5
2017,부산,금정구,부산 금정구,1190.4
2018,부산,금정구,부산 금정구,399.8
2003,부산,기장군,부산 기장군,141.5
2004,부산,기장군,부산 기장군,847
2005,부산,기장군,부산 기장군,819.3
2006,부산,기장군,부산 기장군,780
2007,부산,기장군,부산 기장군,779
2008,부산,기장군,부산 기장군,802.6
2009,부산,기장군,부산 기장군,841.5
2010,부산,기장군,부산 기장군,909.1
2011,부산,기장군,부산 기장군,1015.8
2012,부산,기장군,부산 기장군,1084.9
2013,부산,기장군,부산 기장군,1078.4
2014,부산,기장군,부산 기장군,1081.3
2015,부산,기장군,부산 기장군,1104.1
2016,부산,기장군,부산 기장군,1146.4
2017,부산,기장군,부산 기장군,1190.2
2018,부산,기장군,부산 기장군,398.8
2003,부산,남구,부산 남구,140.5
2004,부산,남구,부산 남구,824.5
2005,부산,남구,부산 남구,817.1
2006,부산,남구,부산 남구,811.3
2007,부산,남구,부산 남구,808.6
2008,부산,남구,부산 남구,809.4
2009,부산,남구,부산 남구,817.5
2010,부산,남구,부산 남구,869.8
2011,부산,남구,부산 남구,997.9
2012,부산,남구,부산 남구,1053.2
2013,부산,남구,부산 남구,1044.3
2014,부산,남구,부산 남구,1045.1
2015,부산,남구,부산 남구,1097.7
2016,부산,남구,부산 남구,1143.4
2017,부산,남구,부산 남구,1189.4
2018,부산,남구,부산 남구,400.1
2003,부산,동구,부산 동구,204.2
2004,부산,동구,부산 동구,1127.1
2005,부산,동구,부산 동구,1093.6
2006,부산,동구,부산 동구,1086.5
2007,부산,동구,부산 동구,1057.2
2008,부산,동구,부산 동구,1050.1
2009,부산,동구,부산 동구,1041.5
2010,부산,동구,부산 동구,1047.6
2011,부산,동구,부산 동구,1089.4
2012,부산,동구,부산 동구,1114.6
2013,부산,동구,부산 동구,1128.1
2014,부산,동구,부산 동구,1132.3
2015,부산,동구,부산 동구,1146.9
2016,부산,동구,부산 동구,1162.9
2017,부산,동구,부산 동구,1191
2018,부산,동구,부산 동구,400.7
2003,부산,동래구,부산 동래구,144.1
2004,부산,동래구,부산 동래구,850.8
2005,부산,동래구,부산 동래구,848.8
2006,부산,동래구,부산 동래구,859.6
2007,부산,동래구,부산 동래구,849.8
2008,부산,동래구,부산 동래구,852.7
2009,부산,동래구,부산 동래구,870.7
2010,부산,동래구,부산 동래구,929.9
2011,부산,동래구,부산 동래구,1047.1
2012,부산,동래구,부산 동래구,1093.5
2013,부산,동래구,부산 동래구,1082.2
2014,부산,동래구,부산 동래구,1086.9
2015,부산,동래구,부산 동래구,1106.1
2016,부산,동래구,부산 동래구,1148.1
2017,부산,동래구,부산 동래구,1190.5
2018,부산,동래구,부산 동래구,400
2003,부산,부산진구,부산 부산진구,143.3
2004,부산,부산진구,부산 부산진구,860
2005,부산,부산진구,부산 부산진구,832.1
2006,부산,부산진구,부산 부산진구,831.1
2007,부산,부산진구,부산 부산진구,828.1
2008,부산,부산진구,부산 부산진구,832.6
2009,부산,부산진구,부산 부산진구,845.8
2010,부산,부산진구,부산 부산진구,909.7
2011,부산,부산진구,부산 부산진구,1042.4
2012,부산,부산진구,부산 부산진구,1088.4
2013,부산,부산진구,부산 부산진구,1077.4
2014,부산,부산진구,부산 부산진구,1086.1
2015,부산,부산진구,부산 부산진구,1116.1
2016,부산,부산진구,부산 부산진구,1146.9
2017,부산,부산진구,부산 부산진구,1187.8
2018,부산,부산진구,부산 부산진구,398.5
2003,부산,북구,부산 북구,133.5
2004,부산,북구,부산 북구,777.2
2005,부산,북구,부산 북구,737.6
2006,부산,북구,부산 북구,732.9
2007,부산,북구,부산 북구,724
2008,부산,북구,부산 북구,738.6
2009,부산,북구,부산 북구,760.7
2010,부산,북구,부산 북구,860.3
2011,부산,북구,부산 북구,1088.6
2012,부산,북구,부산 북구,1114.7
2013,부산,북구,부산 북구,1095.2
2014,부산,북구,부산 북구,1123.8
2015,부산,북구,부산 북구,1134.4
2016,부산,북구,부산 북구,1150.6
2017,부산,북구,부산 북구,1190.2
2018,부산,북구,부산 북구,399
2003,부산,사상구,부산 사상구,125.8
2004,부산,사상구,부산 사상구,741.8
2005,부산,사상구,부산 사상구,717.6
2006,부산,사상구,부산 사상구,707.5
2007,부산,사상구,부산 사상구,709.1
2008,부산,사상구,부산 사상구,725.8
2009,부산,사상구,부산 사상구,752.8
2010,부산,사상구,부산 사상구,847.4
2011,부산,사상구,부산 사상구,1063.4
2012,부산,사상구,부산 사상구,1130.3
2013,부산,사상구,부산 사상구,1106.8
2014,부산,사상구,부산 사상구,1112.1
2015,부산,사상구,부산 사상구,1134.7
2016,부산,사상구,부산 사상구,1158.2
2017,부산,사상구,부산 사상구,1192.8
2018,부산,사상구,부산 사상구,398.9
2003,부산,사하구,부산 사하구,143.1
2004,부산,사하구,부산 사하구,834.3
2005,부산,사하구,부산 사하구,806.3
2006,부산,사하구,부산 사하구,802.4
2007,부산,사하구,부산 사하구,804.1
2008,부산,사하구,부산 사하구,808.8
2009,부산,사하구,부산 사하구,839.4
2010,부산,사하구,부산 사하구,920.9
2011,부산,사하구,부산 사하구,1112.4
2012,부산,사하구,부산 사하구,1142.6
2013,부산,사하구,부산 사하구,1104.3
2014,부산,사하구,부산 사하구,1110.6
2015,부산,사하구,부산 사하구,1124.8
2016,부산,사하구,부산 사하구,1142.1
2017,부산,사하구,부산 사하구,1190.5
2018,부산,사하구,부산 사하구,399
2003,부산,서구,부산 서구,182.5
2004,부산,서구,부산 서구,1055.8
2005,부산,서구,부산 서구,995.3
2006,부산,서구,부산 서구,989
2007,부산,서구,부산 서구,973.4
2008,부산,서구,부산 서구,975
2009,부산,서구,부산 서구,988.6
2010,부산,서구,부산 서구,1025.8
2011,부산,서구,부산 서구,1094.7
2012,부산,서구,부산 서구,1133.1
2013,부산,서구,부산 서구,1128.9
2014,부산,서구,부산 서구,1132.3
2015,부산,서구,부산 서구,1145.6
2016,부산,서구,부산 서구,1161.8
2017,부산,서구,부산 서구,1187
2018,부산,서구,부산 서구,400.8
2003,부산,수영구,부산 수영구,139.6
2004,부산,수영구,부산 수영구,808.5
2005,부산,수영구,부산 수영구,805.5
2006,부산,수영구,부산 수영구,820.3
2007,부산,수영구,부산 수영구,842.5
2008,부산,수영구,부산 수영구,857.7
2009,부산,수영구,부산 수영구,876.2
2010,부산,수영구,부산 수영구,939.5
2011,부산,수영구,부산 수영구,1037.8
2012,부산,수영구,부산 수영구,1079.7
2013,부산,수영구,부산 수영구,1076.5
2014,부산,수영구,부산 수영구,1084.9
2015,부산,수영구,부산 수영구,1113.9
2016,부산,수영구,부산 수영구,1142.7
2017,부산,수영구,부산 수영구,1188.9
2018,부산,수영구,부산 수영구,400.2
2003,부산,연제구,부산 연제구,155.2
2004,부산,연제구,부산 연제구,909.1
2005,부산,연제구,부산 연제구,875.9
2006,부산,연제구,부산 연제구,850.2
2007,부산,연제구,부산 연제구,843.3
2008,부산,연제구,부산 연제구,850.1
2009,부산,연제구,부산 연제구,868.6
2010,부산,연제구,부산 연제구,920.6
2011,부산,연제구,부산 연제구,1019
2012,부산,연제구,부산 연제구,1075.1
2013,부산,연제구,부산 연제구,1065.6
2014,부산,연제구,부산 연제구,1069.4
2015,부산,연제구,부산 연제구,1100.4
2016,부산,연제구,부산 연제구,1145.9
2017,부산,연제구,부산 연제구,1190.6
2018,부산,연제구,부산 연제구,399
2003,부산,영도구,부산 영도구,188.1
2004,부산,영도구,부산 영도구,1048.1
2005,부산,영도구,부산 영도구,961.9
2006,부산,영도구,부산 영도구,915.9
2007,부산,영도구,부산 영도구,914.4
2008,부산,영도구,부산 영도구,929.3
2009,부산,영도구,부산 영도구,959
2010,부산,영도구,부산 영도구,1034.4
2011,부산,영도구,부산 영도구,1125.9
2012,부산,영도구,부산 영도구,1157.8
2013,부산,영도구,부산 영도구,1147.7
2014,부산,영도구,부산 영도구,1150.2
2015,부산,영도구,부산 영도구,1159
2016,부산,영도구,부산 영도구,1171.6
2017,부산,영도구,부산 영도구,1191.8
2018,부산,영도구,부산 영도구,400
2003,부산,중구,부산 중구,176.4
2004,부산,중구,부산 중구,1028.3
2005,부산,중구,부산 중구,990.1
2006,부산,중구,부산 중구,969.9
2007,부산,중구,부산 중구,928.1
2008,부산,중구,부산 중구,922.6
2009,부산,중구,부산 중구,925.3
2010,부산,중구,부산 중구,945.7
2011,부산,중구,부산 중구,1047.4
2012,부산,중구,부산 중구,1116.1
2013,부산,중구,부산 중구,1114.4
2014,부산,중구,부산 중구,1118.3
2015,부산,중구,부산 중구,1136.2
2016,부산,중구,부산 중구,1157.8
2017,부산,중구,부산 중구,1190.4
2018,부산,중구,부산 중구,400
2003,부산,해운대구,부산 해운대구,122.1
2004,부산,해운대구,부산 해운대구,714.7
2005,부산,해운대구,부산 해운대구,697.6
2006,부산,해운대구,부산 해운대구,680.4
2007,부산,해운대구,부산 해운대구,687.1
2008,부산,해운대구,부산 해운대구,774
2009,부산,해운대구,부산 해운대구,822.1
2010,부산,해운대구,부산 해운대구,908.4
2011,부산,해운대구,부산 해운대구,1063.4
2012,부산,해운대구,부산 해운대구,1083.2
2013,부산,해운대구,부산 해운대구,1047.9
2014,부산,해운대구,부산 해운대구,1052.5
2015,부산,해운대구,부산 해운대구,1091.6
2016,부산,해운대구,부산 해운대구,1142.4
2017,부산,해운대구,부산 해운대구,1193.6
2018,부산,해운대구,부산 해운대구,397.4
2003,서울,강남구,서울 강남구,130
2004,서울,강남구,서울 강남구,783.6
2005,서울,강남구,서울 강남구,828.9
2006,서울,강남구,서울 강남구,971.1
2007,서울,강남구,서울 강남구,1087
2008,서울,강남구,서울 강남구,1114.3
2009,서울,강남구,서울 강남구,1090.8
2010,서울,강남구,서울 강남구,1118.1
2011,서울,강남구,서울 강남구,1116.5
2012,서울,강남구,서울 강남구,1060.8
2013,서울,강남구,서울 강남구,995.6
2014,서울,강남구,서울 강남구,1013.4
2015,서울,강남구,서울 강남구,1068.2
2016,서울,강남구,서울 강남구,1122.2
2017,서울,강남구,서울 강남구,1177.1
2018,서울,강남구,서울 강남구,424.3
2003,서울,강동구,서울 강동구,137.1
2004,서울,강동구,서울 강동구,826.2
2005,서울,강동구,서울 강동구,859.7
2006,서울,강동구,서울 강동구,958.6
2007,서울,강동구,서울 강동구,1099.2
2008,서울,강동구,서울 강동구,1114.7
2009,서울,강동구,서울 강동구,1112.6
2010,서울,강동구,서울 강동구,1148.5
2011,서울,강동구,서울 강동구,1164.9
2012,서울,강동구,서울 강동구,1098.1
2013,서울,강동구,서울 강동구,1038.6
2014,서울,강동구,서울 강동구,1047.6
2015,서울,강동구,서울 강동구,1104.7
2016,서울,강동구,서울 강동구,1142
2017,서울,강동구,서울 강동구,1181.8
2018,서울,강동구,서울 강동구,418.2
2003,서울,강북구,서울 강북구,120.7
2004,서울,강북구,서울 강북구,723.7
2005,서울,강북구,서울 강북구,728.1
2006,서울,강북구,서울 강북구,753.4
2007,서울,강북구,서울 강북구,880.4
2008,서울,강북구,서울 강북구,1095.5
2009,서울,강북구,서울 강북구,1155.4
2010,서울,강북구,서울 강북구,1201.9
2011,서울,강북구,서울 강북구,1198.7
2012,서울,강북구,서울 강북구,1183.3
2013,서울,강북구,서울 강북구,1150.8
2014,서울,강북구,서울 강북구,1144.4
2015,서울,강북구,서울 강북구,1154.1
2016,서울,강북구,서울 강북구,1177.5
2017,서울,강북구,서울 강북구,1192
2018,서울,강북구,서울 강북구,403.5
2003,서울,강서구,서울 강서구,129.1
2004,서울,강서구,서울 강서구,748.9
2005,서울,강서구,서울 강서구,726.7
2006,서울,강서구,서울 강서구,797.7
2007,서울,강서구,서울 강서구,963.3
2008,서울,강서구,서울 강서구,1134
2009,서울,강서구,서울 강서구,1167.5
2010,서울,강서구,서울 강서구,1170.3
2011,서울,강서구,서울 강서구,1164.7
2012,서울,강서구,서울 강서구,1129
2013,서울,강서구,서울 강서구,1080.1
2014,서울,강서구,서울 강서구,1075.3
2015,서울,강서구,서울 강서구,1095.4
2016,서울,강서구,서울 강서구,1137.8
2017,서울,강서구,서울 강서구,1182.1
2018,서울,강서구,서울 강서구,406.4
2003,서울,관악구,서울 관악구,130.9
2004,서울,관악구,서울 관악구,768.8
2005,서울,관악구,서울 관악구,749.9
2006,서울,관악구,서울 관악구,803
2007,서울,관악구,서울 관악구,923.1
2008,서울,관악구,서울 관악구,1041.1
2009,서울,관악구,서울 관악구,1073.1
2010,서울,관악구,서울 관악구,1120.4
2011,서울,관악구,서울 관악구,1138.8
2012,서울,관악구,서울 관악구,1128.1
2013,서울,관악구,서울 관악구,1097.6
2014,서울,관악구,서울 관악구,1107.6
2015,서울,관악구,서울 관악구,1122.1
2016,서울,관악구,서울 관악구,1153.5
2017,서울,관악구,서울 관악구,1185
2018,서울,관악구,서울 관악구,403
2003,서울,광진구,서울 광진구,126.4
2004,서울,광진구,서울 광진구,753.9
2005,서울,광진구,서울 광진구,756.8
2006,서울,광진구,서울 광진구,797.9
2007,서울,광진구,서울 광진구,907.9
2008,서울,광진구,서울 광진구,1001.1
2009,서울,광진구,서울 광진구,1047
2010,서울,광진구,서울 광진구,1088.5
2011,서울,광진구,서울 광진구,1130.1
2012,서울,광진구,서울 광진구,1143.6
2013,서울,광진구,서울 광진구,1098.4
2014,서울,광진구,서울 광진구,1095.6
2015,서울,광진구,서울 광진구,1124.5
2016,서울,광진구,서울 광진구,1158.3
2017,서울,광진구,서울 광진구,1183.4
2018,서울,광진구,서울 광진구,411.4
2003,서울,구로구,서울 구로구,122.8
2004,서울,구로구,서울 구로구,728.7
2005,서울,구로구,서울 구로구,734.5
2006,서울,구로구,서울 구로구,780.9
2007,서울,구로구,서울 구로구,945.3
2008,서울,구로구,서울 구로구,1102.3
2009,서울,구로구,서울 구로구,1142.3
2010,서울,구로구,서울 구로구,1142
2011,서울,구로구,서울 구로구,1131.8
2012,서울,구로구,서울 구로구,1113.2
2013,서울,구로구,서울 구로구,1081.4
2014,서울,구로구,서울 구로구,1075.8
2015,서울,구로구,서울 구로구,1110.8
2016,서울,구로구,서울 구로구,1153.5
2017,서울,구로구,서울 구로구,1185
2018,서울,구로구,서울 구로구,405.3
2003,서울,금천구,서울 금천구,128.2
2004,서울,금천구,서울 금천구,760.5
2005,서울,금천구,서울 금천구,756
2006,서울,금천구,서울 금천구,779.3
2007,서울,금천구,서울 금천구,875.3
2008,서울,금천구,서울 금천구,1055.4
2009,서울,금천구,서울 금천구,1144.7
2010,서울,금천구,서울 금천구,1153
2011,서울,금천구,서울 금천구,1154.6
2012,서울,금천구,서울 금천구,1146
2013,서울,금천구,서울 금천구,1115.6
2014,서울,금천구,서울 금천구,1112.6
2015,서울,금천구,서울 금천구,1131.5
2016,서울,금천구,서울 금천구,1156.8
2017,서울,금천구,서울 금천구,1184.1
2018,서울,금천구,서울 금천구,401.8
2003,서울,노원구,서울 노원구,107.6
2004,서울,노원구,서울 노원구,637.5
2005,서울,노원구,서울 노원구,623.6
2006,서울,노원구,서울 노원구,658.4
2007,서울,노원구,서울 노원구,838.5
2008,서울,노원구,서울 노원구,1115.3
2009,서울,노원구,서울 노원구,1156.2
2010,서울,노원구,서울 노원구,1153.4
2011,서울,노원구,서울 노원구,1126.4
2012,서울,노원구,서울 노원구,1076.4
2013,서울,노원구,서울 노원구,1033.8
2014,서울,노원구,서울 노원구,1047.6
2015,서울,노원구,서울 노원구,1098.4
2016,서울,노원구,서울 노원구,1144.9
2017,서울,노원구,서울 노원구,1184.1
2018,서울,노원구,서울 노원구,403
2003,서울,도봉구,서울 도봉구,127.9
2004,서울,도봉구,서울 도봉구,759.7
2005,서울,도봉구,서울 도봉구,747.4
2006,서울,도봉구,서울 도봉구,773
2007,서울,도봉구,서울 도봉구,939.6
2008,서울,도봉구,서울 도봉구,1182.2
2009,서울,도봉구,서울 도봉구,1240.4
2010,서울,도봉구,서울 도봉구,1236.5
2011,서울,도봉구,서울 도봉구,1214.1
2012,서울,도봉구,서울 도봉구,1186.4
2013,서울,도봉구,서울 도봉구,1103.4
2014,서울,도봉구,서울 도봉구,1111.9
2015,서울,도봉구,서울 도봉구,1133.8
2016,서울,도봉구,서울 도봉구,1167.5
2017,서울,도봉구,서울 도봉구,1188.4
2018,서울,도봉구,서울 도봉구,403
2003,서울,동대문구,서울 동대문구,136.1
2004,서울,동대문구,서울 동대문구,804.5
2005,서울,동대문구,서울 동대문구,793.8
2006,서울,동대문구,서울 동대문구,812.8
2007,서울,동대문구,서울 동대문구,933.5
2008,서울,동대문구,서울 동대문구,1059.3
2009,서울,동대문구,서울 동대문구,1103.5
2010,서울,동대문구,서울 동대문구,1126.9
2011,서울,동대문구,서울 동대문구,1138.8
2012,서울,동대문구,서울 동대문구,1127.6
2013,서울,동대문구,서울 동대문구,1085.5
2014,서울,동대문구,서울 동대문구,1087.8
2015,서울,동대문구,서울 동대문구,1119
2016,서울,동대문구,서울 동대문구,1161.9
2017,서울,동대문구,서울 동대문구,1186.5
2018,서울,동대문구,서울 동대문구,404.7
2003,서울,동작구,서울 동작구,121.1
2004,서울,동작구,서울 동작구,736.2
2005,서울,동작구,서울 동작구,750.6
2006,서울,동작구,서울 동작구,852.8
2007,서울,동작구,서울 동작구,1007.3
2008,서울,동작구,서울 동작구,1096.9
2009,서울,동작구,서울 동작구,1099.7
2010,서울,동작구,서울 동작구,1116.9
2011,서울,동작구,서울 동작구,1117.9
2012,서울,동작구,서울 동작구,1099.5
2013,서울,동작구,서울 동작구,1065.1
2014,서울,동작구,서울 동작구,1087.6
2015,서울,동작구,서울 동작구,1112.3
2016,서울,동작구,서울 동작구,1143.8
2017,서울,동작구,서울 동작구,1179.8
2018,서울,동작구,서울 동작구,408.8
2003,서울,마포구,서울 마포구,136.8
2004,서울,마포구,서울 마포구,797.4
2005,서울,마포구,서울 마포구,777.5
2006,서울,마포구,서울 마포구,850.2
2007,서울,마포구,서울 마포구,974.8
2008,서울,마포구,서울 마포구,1062.6
2009,서울,마포구,서울 마포구,1071.6
2010,서울,마포구,서울 마포구,1101.9
2011,서울,마포구,서울 마포구,1101.4
2012,서울,마포구,서울 마포구,1091
2013,서울,마포구,서울 마포구,1080.9
2014,서울,마포구,서울 마포구,1093
2015,서울,마포구,서울 마포구,1115.1
2016,서울,마포구,서울 마포구,1144.2
2017,서울,마포구,서울 마포구,1181.8
2018,서울,마포구,서울 마포구,413.1
2003,서울,서대문구,서울 서대문구,140.6
2004,서울,서대문구,서울 서대문구,846.5
2005,서울,서대문구,서울 서대문구,820.6
2006,서울,서대문구,서울 서대문구,844.5
2007,서울,서대문구,서울 서대문구,950.5
2008,서울,서대문구,서울 서대문구,1069.9
2009,서울,서대문구,서울 서대문구,1128.7
2010,서울,서대문구,서울 서대문구,1158.6
2011,서울,서대문구,서울 서대문구,1171.9
2012,서울,서대문구,서울 서대문구,1158.4
2013,서울,서대문구,서울 서대문구,1114.1
2014,서울,서대문구,서울 서대문구,1113
2015,서울,서대문구,서울 서대문구,1131.7
2016,서울,서대문구,서울 서대문구,1157.9
2017,서울,서대문구,서울 서대문구,1187
2018,서울,서대문구,서울 서대문구,405.8
2003,서울,서초구,서울 서초구,127.3
2004,서울,서초구,서울 서초구,758.6
2005,서울,서초구,서울 서초구,837.6
2006,서울,서초구,서울 서초구,1005.3
2007,서울,서초구,서울 서초구,1120.9
2008,서울,서초구,서울 서초구,1116.4
2009,서울,서초구,서울 서초구,1069.5
2010,서울,서초구,서울 서초구,1103.6
2011,서울,서초구,서울 서초구,1115.1
2012,서울,서초구,서울 서초구,1089.8
2013,서울,서초구,서울 서초구,1056
2014,서울,서초구,서울 서초구,1060.1
2015,서울,서초구,서울 서초구,1102.6
2016,서울,서초구,서울 서초구,1148.9
2017,서울,서초구,서울 서초구,1186.1
2018,서울,서초구,서울 서초구,418.7
2003,서울,성동구,서울 성동구,139.5
2004,서울,성동구,서울 성동구,857.8
2005,서울,성동구,서울 성동구,896.7
2006,서울,성동구,서울 성동구,987.3
2007,서울,성동구,서울 성동구,1110.7
2008,서울,성동구,서울 성동구,1155.2
2009,서울,성동구,서울 성동구,1148.6
2010,서울,성동구,서울 성동구,1147.6
2011,서울,성동구,서울 성동구,1143.9
2012,서울,성동구,서울 성동구,1119.1
2013,서울,성동구,서울 성동구,1069.6
2014,서울,성동구,서울 성동구,1078.5
2015,서울,성동구,서울 성동구,1108.9
2016,서울,성동구,서울 성동구,1147.9
2017,서울,성동구,서울 성동구,1181
2018,서울,성동구,서울 성동구,416.8
2003,서울,성북구,서울 성북구,126.6
2004,서울,성북구,서울 성북구,756
2005,서울,성북구,서울 성북구,754.8
2006,서울,성북구,서울 성북구,797.1
2007,서울,성북구,서울 성북구,940.5
2008,서울,성북구,서울 성북구,1118
2009,서울,성북구,서울 성북구,1156.3
2010,서울,성북구,서울 성북구,1164.1
2011,서울,성북구,서울 성북구,1155
2012,서울,성북구,서울 성북구,1141.7
2013,서울,성북구,서울 성북구,1118
2014,서울,성북구,서울 성북구,1116.8
2015,서울,성북구,서울 성북구,1135.9
2016,서울,성북구,서울 성북구,1163.4
2017,서울,성북구,서울 성북구,1186.6
2018,서울,성북구,서울 성북구,407.1
2003,서울,송파구,서울 송파구,128
2004,서울,송파구,서울 송파구,767.5
2005,서울,송파구,서울 송파구,800.5
2006,서울,송파구,서울 송파구,932
2007,서울,송파구,서울 송파구,1107.8
2008,서울,송파구,서울 송파구,1157.8
2009,서울,송파구,서울 송파구,1118.5
2010,서울,송파구,서울 송파구,1147.5
2011,서울,송파구,서울 송파구,1156.5
2012,서울,송파구,서울 송파구,1116.7
2013,서울,송파구,서울 송파구,1072.1
2014,서울,송파구,서울 송파구,1081.1
2015,서울,송파구,서울 송파구,1110.7
2016,서울,송파구,서울 송파구,1138.4
2017,서울,송파구,서울 송파구,1172.6
2018,서울,송파구,서울 송파구,422.9
2003,서울,양천구,서울 양천구,124.2
2004,서울,양천구,서울 양천구,746
2005,서울,양천구,서울 양천구,770.4
2006,서울,양천구,서울 양천구,948.5
2007,서울,양천구,서울 양천구,1099.2
2008,서울,양천구,서울 양천구,1135.1
2009,서울,양천구,서울 양천구,1154.1
2010,서울,양천구,서울 양천구,1182.2
2011,서울,양천구,서울 양천구,1180.3
2012,서울,양천구,서울 양천구,1139.8
2013,서울,양천구,서울 양천구,1085.4
2014,서울,양천구,서울 양천구,1077.2
2015,서울,양천구,서울 양천구,1109.7
2016,서울,양천구,서울 양천구,1141.9
2017,서울,양천구,서울 양천구,1180.6
2018,서울,양천구,서울 양천구,415.2
2003,서울,영등포구,서울 영등포구,124.6
2004,서울,영등포구,서울 영등포구,754.5
2005,서울,영등포구,서울 영등포구,792.6
2006,서울,영등포구,서울 영등포구,900.4
2007,서울,영등포구,서울 영등포구,1041.6
2008,서울,영등포구,서울 영등포구,1106.9
2009,서울,영등포구,서울 영등포구,1126
2010,서울,영등포구,서울 영등포구,1146.2
2011,서울,영등포구,서울 영등포구,1138.1
2012,서울,영등포구,서울 영등포구,1113.2
2013,서울,영등포구,서울 영등포구,1068.8
2014,서울,영등포구,서울 영등포구,1069.9
2015,서울,영등포구,서울 영등포구,1099.2
2016,서울,영등포구,서울 영등포구,1137
2017,서울,영등포구,서울 영등포구,1178.5
2018,서울,영등포구,서울 영등포구,409.1
2003,서울,용산구,서울 용산구,101.6
2004,서울,용산구,서울 용산구,633.1
2005,서울,용산구,서울 용산구,679.7
2006,서울,용산구,서울 용산구,809.7
2007,서울,용산구,서울 용산구,1067.2
2008,서울,용산구,서울 용산구,1211.1
2009,서울,용산구,서울 용산구,1214.7
2010,서울,용산구,서울 용산구,1221.5
2011,서울,용산구,서울 용산구,1198.8
2012,서울,용산구,서울 용산구,1174.1
2013,서울,용산구,서울 용산구,1135.2
2014,서울,용산구,서울 용산구,1114.3
2015,서울,용산구,서울 용산구,1124.7
2016,서울,용산구,서울 용산구,1146.4
2017,서울,용산구,서울 용산구,1182.5
2018,서울,용산구,서울 용산구,413.1
2003,서울,은평구,서울 은평구,124.2
2004,서울,은평구,서울 은평구,744.4
2005,서울,은평구,서울 은평구,764.2
2006,서울,은평구,서울 은평구,839.5
2007,서울,은평구,서울 은평구,989.1
2008,서울,은평구,서울 은평구,1115.3
2009,서울,은평구,서울 은평구,1138.4
2010,서울,은평구,서울 은평구,1157.5
2011,서울,은평구,서울 은평구,1147.7
2012,서울,은평구,서울 은평구,1135
2013,서울,은평구,서울 은평구,1118.7
2014,서울,은평구,서울 은평구,1120
2015,서울,은평구,서울 은평구,1139.1
2016,서울,은평구,서울 은평구,1162.2
2017,서울,은평구,서울 은평구,1188.3
2018,서울,은평구,서울 은평구,403.6
2003,서울,종로구,서울 종로구,141.8
2004,서울,종로구,서울 종로구,856.3
2005,서울,종로구,서울 종로구,860
2006,서울,종로구,서울 종로구,921.3
2007,서울,종로구,서울 종로구,977.1
2008,서울,종로구,서울 종로구,1039.7
2009,서울,종로구,서울 종로구,1084.7
2010,서울,종로구,서울 종로구,1113.2
2011,서울,종로구,서울 종로구,1128.3
2012,서울,종로구,서울 종로구,1136
2013,서울,종로구,서울 종로구,1128.6
2014,서울,종로구,서울 종로구,1128.3
2015,서울,종로구,서울 종로구,1141.6
2016,서울,종로구,서울 종로구,1160.1
2017,서울,종로구,서울 종로구,1186.2
2018,서울,종로구,서울 종로구,405.7
2003,서울,중구,서울 중구,141.5
2004,서울,중구,서울 중구,851.9
2005,서울,중구,서울 중구,864.3
2006,서울,중구,서울 중구,907.9
2007,서울,중구,서울 중구,1019.3
2008,서울,중구,서울 중구,1092.6
2009,서울,중구,서울 중구,1118.4
2010,서울,중구,서울 중구,1144
2011,서울,중구,서울 중구,1155.9
2012,서울,중구,서울 중구,1132.7
2013,서울,중구,서울 중구,1102.3
2014,서울,중구,서울 중구,1108.4
2015,서울,중구,서울 중구,1132.9
2016,서울,중구,서울 중구,1155
2017,서울,중구,서울 중구,1181.9
2018,서울,중구,서울 중구,408.4
2003,서울,중랑구,서울 중랑구,125.6
2004,서울,중랑구,서울 중랑구,738.2
2005,서울,중랑구,서울 중랑구,716.4
2006,서울,중랑구,서울 중랑구,744.1
2007,서울,중랑구,서울 중랑구,895.7
2008,서울,중랑구,서울 중랑구,1072.8
2009,서울,중랑구,서울 중랑구,1137.9
2010,서울,중랑구,서울 중랑구,1155.5
2011,서울,중랑구,서울 중랑구,1159.7
2012,서울,중랑구,서울 중랑구,1146.4
2013,서울,중랑구,서울 중랑구,1124.9
2014,서울,중랑구,서울 중랑구,1135.4
2015,서울,중랑구,서울 중랑구,1149.5
2016,서울,중랑구,서울 중랑구,1174.3
2017,서울,중랑구,서울 중랑구,1190.3
2018,서울,중랑구,서울 중랑구,403.7
2003,울산,남구,울산 남구,115.9
2004,울산,남구,울산 남구,699.2
2005,울산,남구,울산 남구,738.1
2006,울산,남구,울산 남구,840.8
2007,울산,남구,울산 남구,969.1
2008,울산,남구,울산 남구,959.2
2009,울산,남구,울산 남구,933.3
2010,울산,남구,울산 남구,979.3
2011,울산,남구,울산 남구,1071.8
2012,울산,남구,울산 남구,1137.2
2013,울산,남구,울산 남구,1126.4
2014,울산,남구,울산 남구,1145.9
2015,울산,남구,울산 남구,1172.6
2016,울산,남구,울산 남구,1193.2
2017,울산,남구,울산 남구,1200.3
2018,울산,남구,울산 남구,398.6
2003,울산,동구,울산 동구,121.3
2004,울산,동구,울산 동구,728.2
2005,울산,동구,울산 동구,736.5
2006,울산,동구,울산 동구,762.4
2007,울산,동구,울산 동구,869.9
2008,울산,동구,울산 동구,950.7
2009,울산,동구,울산 동구,966.6
2010,울산,동구,울산 동구,979.4
2011,울산,동구,울산 동구,1027.7
2012,울산,동구,울산 동구,1213.6
2013,울산,동구,울산 동구,1207.8
2014,울산,동구,울산 동구,1253.9
2015,울산,동구,울산 동구,1297.8
2016,울산,동구,울산 동구,1263.5
2017,울산,동구,울산 동구,1212.6
2018,울산,동구,울산 동구,392.6
2003,울산,북구,울산 북구,108.4
2004,울산,북구,울산 북구,661.1
2005,울산,북구,울산 북구,684.9
2006,울산,북구,울산 북구,724.9
2007,울산,북구,울산 북구,837.5
2008,울산,북구,울산 북구,861.8
2009,울산,북구,울산 북구,889.5
2010,울산,북구,울산 북구,937.2
2011,울산,북구,울산 북구,1010.5
2012,울산,북구,울산 북구,1149.1
2013,울산,북구,울산 북구,1169.2
2014,울산,북구,울산 북구,1170.2
2015,울산,북구,울산 북구,1209.9
2016,울산,북구,울산 북구,1238.5
2017,울산,북구,울산 북구,1220.8
2018,울산,북구,울산 북구,390.6
2003,울산,울주군,울산 울주군,114.8
2004,울산,울주군,울산 울주군,698.8
2005,울산,울주군,울산 울주군,735.4
2006,울산,울주군,울산 울주군,788.6
2007,울산,울주군,울산 울주군,855
2008,울산,울주군,울산 울주군,883.9
2009,울산,울주군,울산 울주군,911.8
2010,울산,울주군,울산 울주군,943.6
2011,울산,울주군,울산 울주군,1034.1
2012,울산,울주군,울산 울주군,1105.3
2013,울산,울주군,울산 울주군,1120.5
2014,울산,울주군,울산 울주군,1138.3
2015,울산,울주군,울산 울주군,1169.7
2016,울산,울주군,울산 울주군,1198.4
2017,울산,울주군,울산 울주군,1199.5
2018,울산,울주군,울산 울주군,398.9
2003,울산,중구,울산 중구,107.3
2004,울산,중구,울산 중구,633.5
2005,울산,중구,울산 중구,657.1
2006,울산,중구,울산 중구,762.3
2007,울산,중구,울산 중구,863.7
2008,울산,중구,울산 중구,894.5
2009,울산,중구,울산 중구,886.6
2010,울산,중구,울산 중구,918.6
2011,울산,중구,울산 중구,974.8
2012,울산,중구,울산 중구,1041.2
2013,울산,중구,울산 중구,1048.4
2014,울산,중구,울산 중구,1075.1
2015,울산,중구,울산 중구,1128.1
2016,울산,중구,울산 중구,1190.5
2017,울산,중구,울산 중구,1200.1
2018,울산,중구,울산 중구,398
2003,인천,계양구,인천 계양구,120.4
2004,인천,계양구,인천 계양구,703.6
2005,인천,계양구,인천 계양구,674
2006,인천,계양구,인천 계양구,676.8
2007,인천,계양구,인천 계양구,803.7
2008,인천,계양구,인천 계양구,1062.1
2009,인천,계양구,인천 계양구,1163
2010,인천,계양구,인천 계양구,1148.6
2011,인천,계양구,인천 계양구,1139.2
2012,인천,계양구,인천 계양구,1111.5
2013,인천,계양구,인천 계양구,1087.4
2014,인천,계양구,인천 계양구,1127.5
2015,인천,계양구,인천 계양구,1157.2
2016,인천,계양구,인천 계양구,1178.2
2017,인천,계양구,인천 계양구,1189.5
2018,인천,계양구,인천 계양구,400.2
2003,인천,남구,인천 남구,135.2
2004,인천,남구,인천 남구,785.6
2005,인천,남구,인천 남구,765.5
2006,인천,남구,인천 남구,799.1
2007,인천,남구,인천 남구,926.8
2008,인천,남구,인천 남구,1164.6
2009,인천,남구,인천 남구,1262.4
2010,인천,남구,인천 남구,1267.7
2011,인천,남구,인천 남구,1251.8
2012,인천,남구,인천 남구,1219.1
2013,인천,남구,인천 남구,1176.2
2014,인천,남구,인천 남구,1156.9
2015,인천,남구,인천 남구,1168.6
2016,인천,남구,인천 남구,1179.6
2017,인천,남구,인천 남구,1189.7
2018,인천,남구,인천 남구,401
2003,인천,남동구,인천 남동구,131.3
2004,인천,남동구,인천 남동구,763.9
2005,인천,남동구,인천 남동구,734.6
2006,인천,남동구,인천 남동구,740.2
2007,인천,남동구,인천 남동구,869.5
2008,인천,남동구,인천 남동구,1108.6
2009,인천,남동구,인천 남동구,1192.7
2010,인천,남동구,인천 남동구,1200.4
2011,인천,남동구,인천 남동구,1197.4
2012,인천,남동구,인천 남동구,1177.4
2013,인천,남동구,인천 남동구,1136.3
2014,인천,남동구,인천 남동구,1142.4
2015,인천,남동구,인천 남동구,1164.7
2016,인천,남동구,인천 남동구,1180.8
2017,인천,남동구,인천 남동구,1191.2
2018,인천,남동구,인천 남동구,400.3
2003,인천,동구,인천 동구,137.9
2004,인천,동구,인천 동구,808.8
2005,인천,동구,인천 동구,800.2
2006,인천,동구,인천 동구,811.9
2007,인천,동구,인천 동구,849.2
2008,인천,동구,인천 동구,1082.4
2009,인천,동구,인천 동구,1186.3
2010,인천,동구,인천 동구,1207.8
2011,인천,동구,인천 동구,1204.8
2012,인천,동구,인천 동구,1187.5
2013,인천,동구,인천 동구,1147.1
2014,인천,동구,인천 동구,1152.2
2015,인천,동구,인천 동구,1167.9
2016,인천,동구,인천 동구,1182.4
2017,인천,동구,인천 동구,1192.6
2018,인천,동구,인천 동구,400
2003,인천,부평구,인천 부평구,130.7
2004,인천,부평구,인천 부평구,756
2005,인천,부평구,인천 부평구,709.6
2006,인천,부평구,인천 부평구,734.5
2007,인천,부평구,인천 부평구,867.6
2008,인천,부평구,인천 부평구,1061.7
2009,인천,부평구,인천 부평구,1147.2
2010,인천,부평구,인천 부평구,1163.4
2011,인천,부평구,인천 부평구,1156.4
2012,인천,부평구,인천 부평구,1128.7
2013,인천,부평구,인천 부평구,1080
2014,인천,부평구,인천 부평구,1098.8
2015,인천,부평구,인천 부평구,1137.3
2016,인천,부평구,인천 부평구,1167.2
2017,인천,부평구,인천 부평구,1187.6
2018,인천,부평구,인천 부평구,399.9
2003,인천,서구,인천 서구,118.4
2004,인천,서구,인천 서구,702.2
2005,인천,서구,인천 서구,710.2
2006,인천,서구,인천 서구,785.1
2007,인천,서구,인천 서구,1010.4
2008,인천,서구,인천 서구,1226.9
2009,인천,서구,인천 서구,1306.1
2010,인천,서구,인천 서구,1289.2
2011,인천,서구,인천 서구,1244
2012,인천,서구,인천 서구,1159.8
2013,인천,서구,인천 서구,1107.1
2014,인천,서구,인천 서구,1127.4
2015,인천,서구,인천 서구,1161.1
2016,인천,서구,인천 서구,1182.3
2017,인천,서구,인천 서구,1191.5
2018,인천,서구,인천 서구,400
2003,인천,연수구,인천 연수구,144.3
2004,인천,연수구,인천 연수구,856
2005,인천,연수구,인천 연수구,827.5
2006,인천,연수구,인천 연수구,844.2
2007,인천,연수구,인천 연수구,1024.9
2008,인천,연수구,인천 연수구,1139.8
2009,인천,연수구,인천 연수구,1147.1
2010,인천,연수구,인천 연수구,1140.6
2011,인천,연수구,인천 연수구,1116.8
2012,인천,연수구,인천 연수구,1077.8
2013,인천,연수구,인천 연수구,1045.5
2014,인천,연수구,인천 연수구,1088.8
2015,인천,연수구,인천 연수구,1142.4
2016,인천,연수구,인천 연수구,1169.3
2017,인천,연수구,인천 연수구,1184.4
2018,인천,연수구,인천 연수구,401.3
2003,인천,중구,인천 중구,163.6
2004,인천,중구,인천 중구,990.2
2005,인천,중구,인천 중구,997.8
2006,인천,중구,인천 중구,1017.2
2007,인천,중구,인천 중구,1103.5
2008,인천,중구,인천 중구,1289.7
2009,인천,중구,인천 중구,1341
2010,인천,중구,인천 중구,1350.9
2011,인천,중구,인천 중구,1336.3
2012,인천,중구,인천 중구,1313.7
2013,인천,중구,인천 중구,1179
2014,인천,중구,인천 중구,1147.8
2015,인천,중구,인천 중구,1170.8
2016,인천,중구,인천 중구,1191.7
2017,인천,중구,인천 중구,1196.9
2018,인천,중구,인천 중구,400.2
2003,전남,광양시,전남 광양시,120.5
2004,전남,광양시,전남 광양시,714.5
2005,전남,광양시,전남 광양시,709.9
2006,전남,광양시,전남 광양시,723
2007,전남,광양시,전남 광양시,741.1
2008,전남,광양시,전남 광양시,830.6
2009,전남,광양시,전남 광양시,957.4
2010,전남,광양시,전남 광양시,1054.8
2011,전남,광양시,전남 광양시,1141.3
2012,전남,광양시,전남 광양시,1241.5
2013,전남,광양시,전남 광양시,1228.8
2014,전남,광양시,전남 광양시,1210.2
2015,전남,광양시,전남 광양시,1197.3
2016,전남,광양시,전남 광양시,1196.4
2017,전남,광양시,전남 광양시,1195.9
2018,전남,광양시,전남 광양시,401.3
2003,전남,목포시,전남 목포시,160.8
2004,전남,목포시,전남 목포시,943.1
2005,전남,목포시,전남 목포시,928.5
2006,전남,목포시,전남 목포시,937
2007,전남,목포시,전남 목포시,953
2008,전남,목포시,전남 목포시,954.1
2009,전남,목포시,전남 목포시,965.5
2010,전남,목포시,전남 목포시,993.3
2011,전남,목포시,전남 목포시,1107.2
2012,전남,목포시,전남 목포시,1193.5
2013,전남,목포시,전남 목포시,1176.8
2014,전남,목포시,전남 목포시,1152.8
2015,전남,목포시,전남 목포시,1156.2
2016,전남,목포시,전남 목포시,1175.9
2017,전남,목포시,전남 목포시,1191.1
2018,전남,목포시,전남 목포시,400.4
2003,전남,순천시,전남 순천시,154.4
2004,전남,순천시,전남 순천시,894.6
2005,전남,순천시,전남 순천시,874.3
2006,전남,순천시,전남 순천시,842.1
2007,전남,순천시,전남 순천시,867.3
2008,전남,순천시,전남 순천시,1020.6
2009,전남,순천시,전남 순천시,1077.4
2010,전남,순천시,전남 순천시,1103
2011,전남,순천시,전남 순천시,1144.7
2012,전남,순천시,전남 순천시,1218.5
2013,전남,순천시,전남 순천시,1198.3
2014,전남,순천시,전남 순천시,1175.9
2015,전남,순천시,전남 순천시,1157.6
2016,전남,순천시,전남 순천시,1165.2
2017,전남,순천시,전남 순천시,1188.5
2018,전남,순천시,전남 순천시,400.9
2003,전북,군산시,전북 군산시,149.5
2004,전북,군산시,전북 군산시,869.8
2005,전북,군산시,전북 군산시,850.7
2006,전북,군산시,전북 군산시,880.5
2007,전북,군산시,전북 군산시,919.1
2008,전북,군산시,전북 군산시,1065.4
2009,전북,군산시,전북 군산시,1103.2
2010,전북,군산시,전북 군산시,1118.4
2011,전북,군산시,전북 군산시,1177.6
2012,전북,군산시,전북 군산시,1275.3
2013,전북,군산시,전북 군산시,1246.6
2014,전북,군산시,전북 군산시,1238.3
2015,전북,군산시,전북 군산시,1221.2
2016,전북,군산시,전북 군산시,1208.1
2017,전북,군산시,전북 군산시,1199.2
2018,전북,군산시,전북 군산시,396.4
2003,전북,덕진구,전북 덕진구,144.3
2004,전북,덕진구,전북 덕진구,875.1
2005,전북,덕진구,전북 덕진구,892.5
2006,전북,덕진구,전북 덕진구,908.3
2007,전북,덕진구,전북 덕진구,917.2
2008,전북,덕진구,전북 덕진구,920.3
2009,전북,덕진구,전북 덕진구,941.9
2010,전북,덕진구,전북 덕진구,1024.1
2011,전북,덕진구,전북 덕진구,1159.3
2012,전북,덕진구,전북 덕진구,1219.6
2013,전북,덕진구,전북 덕진구,1164.5
2014,전북,덕진구,전북 덕진구,1160.3
2015,전북,덕진구,전북 덕진구,1170.3
2016,전북,덕진구,전북 덕진구,1179.3
2017,전북,덕진구,전북 덕진구,1189
2018,전북,덕진구,전북 덕진구,400
2003,전북,완산구,전북 완산구,133.8
2004,전북,완산구,전북 완산구,812.5
2005,전북,완산구,전북 완산구,831.3
2006,전북,완산구,전북 완산구,847
2007,전북,완산구,전북 완산구,860.4
2008,전북,완산구,전북 완산구,874.3
2009,전북,완산구,전북 완산구,904.3
2010,전북,완산구,전북 완산구,990.1
2011,전북,완산구,전북 완산구,1126.1
2012,전북,완산구,전북 완산구,1184.5
2013,전북,완산구,전북 완산구,1158.3
2014,전북,완산구,전북 완산구,1152.6
2015,전북,완산구,전북 완산구,1154.7
2016,전북,완산구,전북 완산구,1166.6
2017,전북,완산구,전북 완산구,1188.3
2018,전북,완산구,전북 완산구,400.9
2003,전북,익산시,전북 익산시,156
2004,전북,익산시,전북 익산시,926
2005,전북,익산시,전북 익산시,912.9
2006,전북,익산시,전북 익산시,965.6
2007,전북,익산시,전북 익산시,978
2008,전북,익산시,전북 익산시,1009.6
2009,전북,익산시,전북 익산시,1038.3
2010,전북,익산시,전북 익산시,1081.3
2011,전북,익산시,전북 익산시,1146.8
2012,전북,익산시,전북 익산시,1216.4
2013,전북,익산시,전북 익산시,1172.9
2014,전북,익산시,전북 익산시,1158.8
2015,전북,익산시,전북 익산시,1153
2016,전북,익산시,전북 익산시,1156.2
2017,전북,익산시,전북 익산시,1180.1
2018,전북,익산시,전북 익산시,402.4
2003,전북,전주시,전북 전주시,138.3
2004,전북,전주시,전북 전주시,839.5
2005,전북,전주시,전북 전주시,858
2006,전북,전주시,전북 전주시,873.5
2007,전북,전주시,전북 전주시,885
2008,전북,전주시,전북 전주시,894.5
2009,전북,전주시,전북 전주시,920.8
2010,전북,전주시,전북 전주시,1004.9
2011,전북,전주시,전북 전주시,1141
2012,전북,전주시,전북 전주시,1200.3
2013,전북,전주시,전북 전주시,1161.2
2014,전북,전주시,전북 전주시,1156.3
2015,전북,전주시,전북 전주시,1161.8
2016,전북,전주시,전북 전주시,1172.4
2017,전북,전주시,전북 전주시,1188.6
2018,전북,전주시,전북 전주시,400.6
2003,제주,제주시,제주 제주시,202.2
2004,제주,제주시,제주 제주시,1058.6
2005,제주,제주시,제주 제주시,980.3
2006,제주,제주시,제주 제주시,939
2007,제주,제주시,제주 제주시,906.5
2008,제주,제주시,제주 제주시,892.5
2009,제주,제주시,제주 제주시,887.1
2010,제주,제주시,제주 제주시,924.1
2011,제주,제주시,제주 제주시,969.4
2012,제주,제주시,제주 제주시,1025.1
2013,제주,제주시,제주 제주시,1028.6
2014,제주,제주시,제주 제주시,1037
2015,제주,제주시,제주 제주시,1084.4
2016,제주,제주시,제주 제주시,1176.9
2017,제주,제주시,제주 제주시,1193.2
2018,제주,제주시,제주 제주시,400.7
2003,충남,계룡시,충남 계룡시,200.2
2004,충남,계룡시,충남 계룡시,1231.5
2005,충남,계룡시,충남 계룡시,1196
2006,충남,계룡시,충남 계룡시,1131.6
2007,충남,계룡시,충남 계룡시,1106.8
2008,충남,계룡시,충남 계룡시,1083.6
2009,충남,계룡시,충남 계룡시,1060.7
2010,충남,계룡시,충남 계룡시,1106.8
2011,충남,계룡시,충남 계룡시,1214.8
2012,충남,계룡시,충남 계룡시,1259.6
2013,충남,계룡시,충남 계룡시,1247.3
2014,충남,계룡시,충남 계룡시,1228.9
2015,충남,계룡시,충남 계룡시,1187.2
2016,충남,계룡시,충남 계룡시,1157.4
2017,충남,계룡시,충남 계룡시,1178.9
2018,충남,계룡시,충남 계룡시,400.9
2003,충남,공주시,충남 공주시,205.7
2004,충남,공주시,충남 공주시,1239.7
2005,충남,공주시,충남 공주시,1254.4
2006,충남,공주시,충남 공주시,1241.4
2007,충남,공주시,충남 공주시,1201.5
2008,충남,공주시,충남 공주시,1160
2009,충남,공주시,충남 공주시,1101.6
2010,충남,공주시,충남 공주시,1084.2
2011,충남,공주시,충남 공주시,1097
2012,충남,공주시,충남 공주시,1146
2013,충남,공주시,충남 공주시,1184.9
2014,충남,공주시,충남 공주시,1205
2015,충남,공주시,충남 공주시,1199.3
2016,충남,공주시,충남 공주시,1192
2017,충남,공주시,충남 공주시,1196.2
2018,충남,공주시,충남 공주시,399.3
2003,충남,논산시,충남 논산시,177.7
2004,충남,논산시,충남 논산시,1025.6
2005,충남,논산시,충남 논산시,1028.9
2006,충남,논산시,충남 논산시,1049.2
2007,충남,논산시,충남 논산시,1061.7
2008,충남,논산시,충남 논산시,1075.6
2009,충남,논산시,충남 논산시,1083.7
2010,충남,논산시,충남 논산시,1106.5
2011,충남,논산시,충남 논산시,1169.7
2012,충남,논산시,충남 논산시,1199.1
2013,충남,논산시,충남 논산시,1198.9
2014,충남,논산시,충남 논산시,1202.6
2015,충남,논산시,충남 논산시,1197.4
2016,충남,논산시,충남 논산시,1191.4
2017,충남,논산시,충남 논산시,1196.4
2018,충남,논산시,충남 논산시,400.8
2003,충남,동남구,충남 동남구,155.3
2004,충남,동남구,충남 동남구,938.7
2005,충남,동남구,충남 동남구,946.6
2006,충남,동남구,충남 동남구,962.1
2007,충남,동남구,충남 동남구,985.2
2008,충남,동남구,충남 동남구,996.5
2009,충남,동남구,충남 동남구,1003.5
2010,충남,동남구,충남 동남구,1005.1
2011,충남,동남구,충남 동남구,1040.2
2012,충남,동남구,충남 동남구,1089.8
2013,충남,동남구,충남 동남구,1161.6
2014,충남,동남구,충남 동남구,1227.8
2015,충남,동남구,충남 동남구,1261.5
2016,충남,동남구,충남 동남구,1225
2017,충남,동남구,충남 동남구,1203.4
2018,충남,동남구,충남 동남구,398.3
2003,충남,서북구,충남 서북구,150.7
2004,충남,서북구,충남 서북구,899.1
2005,충남,서북구,충남 서북구,937.8
2006,충남,서북구,충남 서북구,960.1
2007,충남,서북구,충남 서북구,948.3
2008,충남,서북구,충남 서북구,955.6
2009,충남,서북구,충남 서북구,972.9
2010,충남,서북구,충남 서북구,979.8
2011,충남,서북구,충남 서북구,1022.2
2012,충남,서북구,충남 서북구,1122
2013,충남,서북구,충남 서북구,1181.5
2014,충남,서북구,충남 서북구,1253
2015,충남,서북구,충남 서북구,1286.8
2016,충남,서북구,충남 서북구,1258.1
2017,충남,서북구,충남 서북구,1213.6
2018,충남,서북구,충남 서북구,396.4
2003,충남,아산시,충남 아산시,149.8
2004,충남,아산시,충남 아산시,914
2005,충남,아산시,충남 아산시,905.1
2006,충남,아산시,충남 아산시,884.5
2007,충남,아산시,충남 아산시,910.4
2008,충남,아산시,충남 아산시,944
2009,충남,아산시,충남 아산시,978.4
2010,충남,아산시,충남 아산시,997.2
2011,충남,아산시,충남 아산시,1039.2
2012,충남,아산시,충남 아산시,1119.7
2013,충남,아산시,충남 아산시,1169.4
2014,충남,아산시,충남 아산시,1209.6
2015,충남,아산시,충남 아산시,1228.8
2016,충남,아산시,충남 아산시,1224.9
2017,충남,아산시,충남 아산시,1204.1
2018,충남,아산시,충남 아산시,394.9
2003,충남,천안시,충남 천안시,152.7
2004,충남,천안시,충남 천안시,916.1
2005,충남,천안시,충남 천안시,941.6
2006,충남,천안시,충남 천안시,961.1
2007,충남,천안시,충남 천안시,964.4
2008,충남,천안시,충남 천안시,973
2009,충남,천안시,충남 천안시,985.9
2010,충남,천안시,충남 천안시,990.9
2011,충남,천안시,충남 천안시,1030
2012,충남,천안시,충남 천안시,1107.9
2013,충남,천안시,충남 천안시,1172.5
2014,충남,천안시,충남 천안시,1241.9
2015,충남,천안시,충남 천안시,1275.6
2016,충남,천안시,충남 천안시,1243.4
2017,충남,천안시,충남 천안시,1209.3
2018,충남,천안시,충남 천안시,397.1
2003,충북,충주시,충북 충주시,160.9
2004,충북,충주시,충북 충주시,939.4
2005,충북,충주시,충북 충주시,965.8
2006,충북,충주시,충북 충주시,1009.5
2007,충북,충주시,충북 충주시,993.9
2008,충북,충주시,충북 충주시,968.2
2009,충북,충주시,충북 충주시,944.6
2010,충북,충주시,충북 충주시,974
2011,충북,충주시,충북 충주시,1086.3
2012,충북,충주시,충북 충주시,1136.5
2013,충북,충주시,충북 충주시,1164.2
2014,충북,충주시,충북 충주시,1176.5
2015,충북,충주시,충북 충주시,1194.3
2016,충북,충주시,충북 충주시,1197.2
2017,충북,충주시,충북 충주시,1196.8
2018,충북,충주시,충북 충주시,397.8
